Sales,Account_usage_data,Customer_segment,Misaligned_incentives,Employee_performance,Customer_feedback,points_of_improvement,compliance,retail_acc_setup_errrate,avg_time_to_close_issues,Emp_ID,Target,balance,income_levels,tenure_with_bank,credit_score,age,prod_id,prod_sell_count,prod_sell_perf,prod_price
624,1,3,1,3,1,6,3,17,19,500,0,8405804,3018313,18,853,33,2,0,0,6291
986,0,1,3,3,2,6,4,27,27,501,1,1564405,728580,15,815,31,7,0,1,248000
361,0,3,5,2,1,7,2,5,38,502,0,2295104,2786608,6,668,48,6,0,0,189022
575,1,2,5,3,7,8,3,28,27,503,0,5237699,3587506,15,459,60,4,0,1,21825
516,1,4,1,3,5,4,1,15,18,504,1,8302403,3036293,18,754,38,4,1,0,21825
792,0,1,1,3,7,9,4,22,36,505,0,7724169,382293,31,397,49,2,1,1,6291
670,0,2,3,3,3,10,5,27,43,506,0,5933461,2390478,35,475,28,7,0,1,248000
418,0,2,3,3,9,2,5,30,58,507,0,6819698,2222992,4,567,41,7,1,1,248000
163,1,1,5,3,8,2,3,14,57,508,0,454564,3989657,1,618,23,4,0,1,21825
370,1,2,3,5,7,9,5,25,58,509,0,2912983,2647273,30,490,59,2,1,1,6291
275,1,1,4,3,10,2,3,5,11,510,0,5010630,2293441,1,431,55,4,1,1,21825
771,1,2,4,3,1,10,3,25,62,511,1,8779352,3750032,18,407,60,6,1,0,189022
426,1,1,2,2,1,5,2,3,34,512,0,2781626,357329,30,469,41,1,0,1,4068
643,0,4,4,3,4,9,2,5,69,513,1,4815681,3573228,28,610,36,4,1,0,21825
658,0,3,3,3,8,10,2,11,63,514,0,6742231,1966758,35,581,42,7,0,0,248000
749,0,1,3,3,2,4,5,17,30,515,0,7116504,1397340,37,690,25,1,0,0,4068
331,0,2,3,3,6,2,4,2,21,516,0,9356241,1297284,22,371,63,6,1,0,189022
614,1,1,4,4,1,7,4,17,51,517,0,686745,1460291,31,649,64,3,0,0,9459
860,1,1,4,3,1,5,2,9,65,518,0,3187661,2032966,38,850,23,3,0,1,9459
963,0,3,5,3,1,10,2,28,42,519,0,6344904,3729412,18,563,61,7,0,1,248000
450,0,1,1,3,9,10,4,26,22,520,0,5198729,2584830,39,670,23,3,1,1,9459
181,1,3,5,2,5,6,2,17,18,521,0,3031283,2714194,16,516,32,5,1,1,50589
132,0,1,1,3,8,1,3,28,58,522,0,4607056,2425222,2,607,26,3,0,0,9459
565,1,3,2,3,3,8,1,20,26,523,0,2607987,2196876,16,599,28,7,1,1,248000
219,1,1,5,3,6,7,3,4,63,524,0,612165,1364995,23,726,40,1,0,0,4068
646,0,3,1,3,3,7,4,11,8,525,1,3571838,845550,18,539,41,6,1,0,189022
392,0,2,1,1,4,8,2,27,49,526,0,8909778,814077,23,429,34,2,0,0,6291
385,0,1,3,3,7,3,1,4,18,527,0,4167907,1856403,14,662,23,7,1,1,248000
316,0,2,4,2,7,2,2,2,52,528,0,9887832,3167260,3,865,61,2,1,1,6291
158,1,1,4,3,8,2,3,14,14,529,0,636209,3459032,12,748,64,5,0,0,50589
140,1,4,2,3,6,6,2,23,20,530,0,2407283,2863409,10,683,40,7,1,0,248000
119,0,1,2,3,10,10,3,4,49,531,1,4144029,1928995,5,356,41,4,1,1,21825
324,1,2,5,3,8,3,1,30,11,532,0,4748302,2849533,11,443,29,3,1,0,9459
760,0,1,4,3,10,2,5,10,15,533,0,8165927,640123,7,636,38,4,1,0,21825
759,1,3,5,5,10,10,5,22,65,534,0,9601849,2248803,9,500,62,2,1,1,6291
192,1,1,4,3,9,2,1,27,26,535,0,3529376,350209,9,661,23,1,0,1,4068
642,0,2,4,3,8,5,2,2,68,536,0,1964874,2921173,9,491,60,5,1,1,50589
367,1,4,5,3,3,1,5,27,43,537,0,2654580,1959315,38,727,59,5,1,1,50589
655,0,3,1,3,8,4,3,30,35,538,0,4135191,3580758,19,709,30,5,0,1,50589
140,1,1,4,3,6,10,5,5,16,539,1,3499595,3676539,3,428,34,3,1,1,9459
926,1,1,1,3,8,7,3,2,37,540,0,7409820,2891972,6,423,27,7,1,1,248000
271,1,3,2,3,3,6,1,23,23,541,0,8788898,1946648,30,605,29,7,1,1,248000
375,0,4,3,3,4,6,5,16,11,542,0,2004149,1617141,38,723,61,5,0,1,50589
591,1,4,3,3,4,5,1,21,59,543,0,5394437,3016327,37,686,63,1,1,1,4068
472,1,2,2,3,10,8,4,12,31,544,0,1174020,1761994,30,498,29,1,0,1,4068
743,1,4,4,3,3,6,1,5,29,545,0,9240297,3289386,28,631,39,5,0,0,50589
171,0,1,5,3,5,2,5,16,65,546,0,3220650,646653,18,567,57,2,1,0,6291
395,1,1,4,3,1,3,3,3,59,547,0,650810,3800273,12,761,39,6,1,1,189022
885,1,1,1,3,1,3,1,27,20,548,0,100737,2490237,9,490,55,7,0,0,248000
287,0,3,4,3,9,2,5,14,18,549,1,7055463,989085,25,692,51,6,1,0,189022
500,1,1,3,3,2,2,2,30,65,550,0,7088169,3226138,4,327,59,7,0,0,248000
183,0,1,4,3,6,2,3,12,67,551,0,4628665,305912,12,664,55,2,1,0,6291
295,0,3,2,3,1,10,2,27,58,552,0,3500006,2548818,16,854,31,5,0,0,50589
605,1,1,4,2,9,5,2,18,50,553,0,166107,3358960,4,699,44,3,0,1,9459
473,1,4,1,3,6,9,4,24,37,554,1,3026944,2198466,37,684,47,2,1,0,6291
538,1,2,4,1,3,10,1,15,61,555,0,1924789,2281051,40,467,39,5,1,1,50589
275,0,1,5,2,7,3,2,12,48,556,0,3638284,719853,22,849,44,1,1,1,4068
783,1,1,1,3,9,6,3,29,52,557,0,4810964,399073,30,818,33,4,0,1,21825
499,1,2,1,4,7,8,2,26,49,558,0,6357323,885467,4,888,55,2,0,1,6291
114,0,1,5,3,9,2,4,20,51,559,0,477636,2824994,12,364,31,3,0,0,9459
204,0,2,3,3,10,2,5,17,47,560,1,8317830,2440307,16,350,60,6,1,0,189022
823,1,2,1,3,9,8,3,5,14,561,1,2151492,2276820,27,477,29,4,1,0,21825
120,1,3,5,3,9,1,3,25,31,562,0,1997999,3662554,16,712,49,4,0,0,21825
745,1,4,5,3,10,2,5,2,48,563,0,8006399,2073214,34,749,65,3,0,1,9459
736,0,2,2,3,9,7,4,6,13,564,1,9728116,3019189,12,350,50,3,0,1,9459
372,1,3,2,3,1,9,4,11,22,565,1,5033219,1583661,6,691,48,5,1,0,50589
826,0,1,5,3,2,7,1,21,24,566,0,3363812,794513,31,617,43,1,0,0,4068
472,1,1,5,3,1,8,3,3,48,567,0,1394638,334074,5,794,43,7,1,0,248000
375,0,2,2,3,7,8,1,5,34,568,0,6380815,1590611,33,450,36,7,1,1,248000
608,0,4,1,2,10,3,2,11,22,569,1,8847124,3954796,38,619,57,3,1,1,9459
149,0,1,4,3,5,6,1,7,66,570,0,9692515,1876177,30,779,27,3,0,0,9459
398,1,4,3,3,6,5,1,13,23,571,0,8971087,2709408,28,864,37,4,1,1,21825
246,0,1,4,3,7,3,5,3,68,572,1,4375565,376033,40,691,47,7,1,0,248000
745,1,1,5,3,9,2,1,7,27,573,0,421845,3989892,28,336,24,2,1,0,6291
440,0,4,3,5,9,10,2,30,70,574,0,3496624,3171146,30,764,62,6,0,1,189022
989,0,3,2,3,1,7,1,11,71,575,0,6368689,3652062,9,534,36,2,0,1,6291
482,0,4,5,3,2,4,4,7,13,576,0,4382405,1552636,12,704,59,7,1,1,248000
587,0,4,4,3,1,5,1,13,30,577,0,5533993,1867418,34,850,56,6,0,1,189022
338,0,3,2,3,9,6,5,15,56,578,0,1593123,3952290,15,688,35,3,0,1,9459
494,1,2,3,3,9,7,5,27,22,579,0,6684224,2629308,39,444,39,1,1,1,4068
486,0,2,2,3,10,4,5,3,10,580,0,3003717,3180577,12,411,28,3,1,1,9459
461,1,2,1,3,10,8,1,20,28,581,0,8038110,1871155,11,484,56,1,1,1,4068
995,1,3,3,3,5,9,2,25,18,582,0,7606257,3354127,26,551,54,4,0,1,21825
672,0,2,1,3,10,5,3,5,49,583,0,8701746,2805297,33,427,31,5,0,1,50589
140,1,2,3,3,9,2,5,7,57,584,0,7744932,1642663,7,315,56,4,0,0,21825
861,0,1,5,2,7,10,1,19,65,585,0,7861930,653589,31,772,23,5,1,0,50589
894,1,1,3,3,8,5,3,8,57,586,0,932941,735910,23,560,55,6,0,0,189022
688,1,3,2,3,6,8,4,29,37,587,1,4491760,845417,12,896,54,4,0,0,21825
253,1,1,4,3,5,4,4,12,44,588,0,8414229,3826159,36,405,25,3,0,1,9459
174,0,5,2,3,2,3,5,9,72,589,1,4299081,2289394,21,864,65,7,1,0,248000
314,1,3,1,3,10,8,5,25,26,590,1,2040319,1677437,5,552,50,6,0,1,189022
960,0,1,1,3,4,5,4,13,52,591,0,618112,624277,5,777,39,3,1,1,9459
599,1,1,5,3,8,5,5,13,11,592,0,1388554,794524,30,544,46,1,0,0,4068
990,0,1,3,4,6,9,4,24,56,593,0,6767090,869898,28,518,25,3,0,1,9459
411,0,1,2,3,7,1,1,29,36,594,0,378367,2792882,20,680,30,6,1,1,189022
575,0,3,2,3,9,8,3,10,42,595,0,1904443,2780770,27,519,60,2,0,1,6291
836,1,1,5,4,3,8,1,27,64,596,0,6695170,507645,27,488,43,7,0,0,248000
384,1,1,5,4,10,9,4,24,45,597,0,5067257,3657073,10,366,23,3,0,1,9459
853,0,3,1,3,6,6,1,2,20,598,0,6852834,2317315,32,809,30,2,0,0,6291
143,1,1,2,3,8,1,4,3,51,599,1,6821566,560984,31,835,48,6,1,1,189022
135,0,1,4,3,8,1,1,11,46,600,0,941091,3203952,18,328,47,4,1,0,21825
637,1,1,5,3,5,10,3,28,56,601,0,1225566,1553004,8,549,24,4,0,0,21825
539,0,1,3,3,1,9,4,18,12,602,0,7155963,337219,36,877,58,5,1,1,50589
969,1,2,1,5,9,8,5,26,46,603,0,8577091,2600781,10,368,53,6,0,0,189022
805,0,2,1,3,1,9,5,9,35,604,0,4657874,2247320,29,336,57,5,1,1,50589
530,0,1,2,3,4,3,5,14,18,605,1,918371,2521762,8,324,51,3,0,1,9459
779,0,2,5,3,1,5,4,28,15,606,0,7902484,3690595,4,632,57,7,1,1,248000
120,0,3,4,5,6,7,5,23,62,607,1,5046962,1754161,8,590,44,3,1,0,9459
932,0,1,2,3,8,1,2,19,41,608,0,898217,515980,9,641,46,6,0,0,189022
243,1,4,4,3,3,8,3,19,65,609,0,7500609,2726918,38,875,40,5,0,0,50589
985,1,3,1,3,7,9,2,14,70,610,0,4723876,2781194,6,592,28,7,0,1,248000
625,1,1,1,3,6,6,4,3,12,611,1,1689814,389034,34,725,26,3,1,0,9459
938,0,1,5,3,5,5,4,26,61,612,0,9368747,312837,29,562,48,2,1,0,6291
995,1,3,1,3,10,4,3,7,20,613,0,6712296,2037066,39,587,44,4,0,0,21825
113,1,3,2,1,7,10,1,16,38,614,0,6451360,2401800,9,806,29,1,1,0,4068
740,0,1,4,3,5,6,3,8,54,615,0,6704438,678735,2,539,42,1,1,0,4068
791,1,2,5,3,9,9,2,9,28,616,0,1555712,2736891,3,818,45,4,1,1,21825
164,0,2,5,3,7,4,2,30,66,617,0,2551466,1952356,17,478,46,1,0,0,4068
783,0,1,3,3,7,8,2,22,59,618,0,8842739,3152275,3,427,44,1,0,1,4068
415,1,4,1,2,7,7,2,3,13,619,0,2555192,2129270,12,759,35,2,0,0,6291
549,0,2,4,3,6,4,1,19,68,620,0,3850812,2244229,32,460,45,4,0,1,21825
792,0,3,5,3,5,10,4,9,15,621,0,3580520,1060611,11,773,33,7,1,0,248000
643,1,4,1,3,9,2,4,6,54,622,1,3469726,1316350,21,850,37,6,1,1,189022
423,1,3,1,3,4,6,3,23,17,623,0,8285592,1530599,37,585,64,5,1,0,50589
538,1,1,1,3,8,3,4,10,57,624,0,8821501,372664,15,558,28,4,0,0,21825
283,0,3,2,3,1,7,4,11,25,625,1,2127491,2312760,8,895,62,3,0,1,9459
744,0,3,1,3,3,9,4,11,22,626,0,2709726,3511503,30,632,33,3,1,1,9459
860,1,2,5,3,9,2,1,22,17,627,0,3597666,3328879,6,364,49,4,1,1,21825
878,1,3,5,3,4,10,1,12,66,628,0,5453197,1113450,15,725,49,1,1,0,4068
400,0,1,1,3,7,10,4,9,35,629,1,9530824,728877,16,450,42,2,1,1,6291
800,0,1,2,5,1,10,2,25,67,630,0,8406163,666567,33,829,39,7,0,0,248000
189,0,1,2,3,9,6,4,10,55,631,0,6810335,3435288,24,304,24,3,1,0,9459
644,0,2,2,3,2,8,3,19,55,632,0,9521096,3386309,28,432,42,5,1,0,50589
663,0,3,1,3,4,7,5,23,40,633,1,6553114,2642887,7,702,37,2,0,0,6291
127,0,2,4,3,7,5,3,24,61,634,0,8409666,2308978,10,314,32,5,0,1,50589
879,1,1,2,3,6,4,5,25,12,635,0,9538936,2568615,2,310,58,1,1,1,4068
744,0,3,5,3,1,9,1,24,37,636,0,1906996,3691548,12,606,58,5,1,0,50589
369,1,2,3,2,3,8,1,17,45,637,0,4071875,816120,24,303,31,5,1,1,50589
375,0,2,5,4,10,10,4,27,50,638,0,1660861,2933888,7,308,49,3,1,0,9459
625,0,1,3,3,9,10,5,12,29,639,1,7866254,696652,37,894,63,1,0,1,4068
782,0,3,1,3,5,5,1,3,30,640,0,8706115,1175815,13,880,36,5,1,0,50589
796,1,3,1,3,9,8,1,5,62,641,0,1198957,3411796,36,662,48,2,0,1,6291
630,0,3,2,3,4,8,4,8,70,642,0,2493564,1216584,6,649,37,4,0,0,21825
773,1,2,2,3,8,5,1,23,25,643,0,6087382,2836830,13,335,36,6,0,1,189022
897,0,2,1,3,6,7,5,14,11,644,1,5654093,1971535,19,346,29,4,1,1,21825
579,1,1,2,3,7,3,3,11,26,645,0,7226361,3613780,1,473,31,3,0,0,9459
766,0,2,5,3,9,8,1,15,49,646,0,8560365,2718660,2,751,61,7,1,0,248000
610,1,3,5,3,1,10,2,24,42,647,0,9515832,1074160,21,870,37,5,0,0,50589
116,1,2,5,3,1,4,1,5,17,648,0,3165213,3262356,14,498,51,2,0,0,6291
663,0,2,2,3,7,1,3,11,40,649,0,2538734,1109178,27,366,52,2,0,1,6291
780,1,4,4,3,7,8,4,14,37,650,0,4913305,2324238,22,743,54,6,0,0,189022
695,0,1,2,3,4,6,4,29,17,651,0,5768182,766144,15,559,53,5,1,1,50589
979,0,3,1,3,9,8,3,29,29,652,0,8482037,3087934,14,883,31,6,1,1,189022
822,1,1,5,3,3,1,4,14,69,653,0,356051,416564,4,810,25,7,0,0,248000
369,1,1,3,3,9,4,1,16,66,654,0,1531880,615159,18,668,38,7,0,1,248000
877,0,3,2,3,7,2,5,4,63,655,0,8584224,3334767,6,883,51,5,1,0,50589
801,0,2,1,3,4,1,1,4,17,656,0,7042404,3761292,27,310,57,1,1,1,4068
938,1,1,3,3,6,9,5,14,56,657,0,4050555,575810,28,409,60,4,1,1,21825
949,0,2,4,2,4,3,2,11,50,658,1,9577339,830733,14,491,65,5,0,0,50589
797,1,4,3,3,1,5,3,18,25,659,1,6016454,2912194,18,679,61,5,1,1,50589
845,0,1,3,3,9,4,3,3,56,660,0,3488341,313649,23,412,60,2,1,1,6291
391,1,4,5,3,2,6,1,13,72,661,0,5366175,3711671,32,677,47,7,0,0,248000
381,0,1,3,4,10,10,4,26,60,662,0,154253,3248507,26,305,28,6,1,0,189022
367,1,4,4,3,9,4,3,29,12,663,0,4439864,2392621,29,800,37,6,0,0,189022
452,0,3,4,3,7,5,5,29,56,664,0,2870552,1742224,14,596,57,3,0,1,9459
666,0,3,2,3,6,4,4,24,16,665,1,3635919,3111863,8,736,34,6,1,1,189022
799,0,4,5,3,9,4,5,24,57,666,0,5667151,2637630,27,749,39,4,0,1,21825
794,0,4,3,3,4,8,3,6,36,667,1,6124427,3795301,18,689,54,4,0,0,21825
836,0,3,2,5,7,7,5,23,65,668,0,4499577,1111385,5,532,35,4,1,1,21825
828,1,1,1,2,5,5,2,12,52,669,0,4525313,2319559,31,886,23,1,1,1,4068
605,0,1,5,5,1,9,5,25,46,670,0,537439,2033345,29,638,57,4,1,1,21825
367,0,1,4,3,5,9,1,4,32,671,0,3761068,1202001,9,347,23,2,1,0,6291
168,0,1,3,3,10,2,2,28,52,672,0,989528,3459010,28,744,39,5,1,0,50589
871,1,1,1,3,1,2,1,4,33,673,0,3020952,1137404,7,619,27,2,1,0,6291
470,0,3,3,3,6,6,5,2,62,674,0,7514307,3735764,8,750,59,1,0,0,4068
922,0,1,2,3,9,1,4,17,60,675,0,8735855,479265,27,597,26,1,1,1,4068
333,1,3,5,1,4,10,1,28,56,676,0,2824067,2415652,12,841,28,2,0,1,6291
171,1,2,1,3,10,5,4,22,71,677,1,1687914,2231989,38,396,53,3,1,1,9459
830,0,5,1,3,2,7,2,19,28,678,0,9834598,3014056,30,861,65,3,0,0,9459
603,0,4,1,3,3,4,5,13,27,679,0,5656406,2861788,21,837,43,6,0,0,189022
241,0,4,1,3,4,3,4,27,68,680,0,6550333,3315026,30,848,38,6,0,1,189022
230,0,3,5,3,6,4,1,17,19,681,0,8095557,1558870,29,545,60,1,0,1,4068
448,1,2,2,3,6,1,3,26,49,682,0,3359575,3813827,24,454,64,6,1,1,189022
519,1,4,2,3,9,6,2,30,49,683,0,8295563,3963408,10,868,51,3,0,1,9459
303,1,2,5,2,8,1,2,5,14,684,0,6581992,3860547,1,612,50,6,1,1,189022
425,0,1,1,3,2,3,4,10,21,685,0,3297620,471993,39,766,56,6,1,0,189022
565,0,3,2,2,3,3,2,15,10,686,1,2223926,1722917,20,561,34,7,1,0,248000
517,0,3,2,5,10,9,5,22,53,687,1,5647909,1297313,8,897,50,7,1,0,248000
402,0,3,1,3,6,9,2,5,37,688,0,4421373,2710083,39,590,57,7,0,0,248000
690,0,2,5,3,9,1,5,17,62,689,0,9975580,3505191,4,570,47,7,0,1,248000
206,1,1,3,3,5,9,2,16,63,690,0,4111087,327137,31,534,36,6,1,0,189022
945,1,3,1,5,5,8,5,28,58,691,0,2240155,2696359,38,842,30,2,0,0,6291
160,0,3,2,3,4,2,1,21,55,692,0,9865299,1098361,6,738,47,1,0,1,4068
660,1,1,1,3,7,7,1,2,64,693,0,7412661,1367597,17,691,24,4,0,0,21825
198,1,3,1,2,1,7,2,18,32,694,0,1591731,3743890,27,649,58,3,1,1,9459
186,0,2,1,2,8,3,2,15,54,695,0,7175470,3447163,32,466,41,6,0,1,189022
457,0,1,1,3,9,3,2,29,22,696,0,5407797,762944,7,392,63,6,0,1,189022
463,1,1,5,3,3,2,5,30,29,697,0,4088483,1792523,26,897,24,7,0,1,248000
834,0,3,4,3,5,4,3,22,63,698,0,8551335,3646195,12,515,65,3,1,0,9459
915,0,4,1,3,1,10,2,28,41,699,0,9126089,1436994,18,721,50,6,0,1,189022
563,0,2,5,2,3,6,2,8,20,700,0,9169321,2742541,32,409,38,2,0,0,6291
152,1,4,3,3,1,6,4,18,17,701,1,9516055,3269936,32,734,38,6,1,1,189022
625,0,1,2,3,10,3,2,20,22,702,0,1873923,688330,21,789,64,2,1,0,6291
615,1,4,3,3,6,2,3,20,13,703,1,9127854,2713433,27,610,36,2,1,1,6291
451,0,2,2,3,3,7,1,9,54,704,0,9592707,3633035,40,426,29,3,0,0,9459
368,1,4,3,3,2,3,4,25,12,705,1,4387721,2445731,11,749,55,3,0,1,9459
699,0,2,2,3,2,10,4,22,20,706,0,1517066,1920488,39,358,51,1,1,0,4068
923,0,1,5,3,2,6,4,4,63,707,0,1255067,3968179,5,403,29,3,1,0,9459
702,0,2,4,3,7,2,1,27,17,708,0,2670119,3837838,40,373,37,1,1,1,4068
501,0,4,2,3,8,5,5,28,45,709,1,6545442,2666016,16,861,54,2,1,0,6291
806,0,3,3,3,6,4,5,16,9,710,1,5524696,1021268,14,573,29,6,1,1,189022
384,0,4,2,3,3,4,1,8,59,711,0,3420520,1934196,36,605,56,4,1,1,21825
886,1,2,5,3,10,2,4,12,72,712,0,3210827,2873794,39,389,49,3,0,0,9459
926,1,1,4,3,6,6,3,15,34,713,0,5527877,591691,12,771,55,7,0,1,248000
327,1,1,5,3,1,5,1,18,19,714,0,6959157,527717,40,549,54,2,1,1,6291
135,0,1,2,3,10,4,4,29,47,715,0,9958608,705845,12,415,30,4,1,0,21825
907,0,3,5,4,6,10,4,28,49,716,0,5617928,1355000,37,569,62,6,0,0,189022
492,1,1,5,3,9,4,2,20,33,717,1,2609409,997346,19,587,24,2,1,0,6291
946,1,2,1,3,2,8,1,8,41,718,0,2792944,1740765,12,424,28,6,0,0,189022
656,0,1,1,3,9,9,5,13,59,719,0,192931,663975,35,833,60,4,0,1,21825
229,0,3,2,3,10,5,4,26,29,720,1,1732088,3835980,17,793,50,3,1,0,9459
911,0,1,2,3,4,4,5,7,62,721,0,977200,3808427,29,557,61,2,1,0,6291
598,1,4,3,3,7,3,5,15,8,722,1,2743961,1447123,10,780,46,3,0,0,9459
891,0,2,5,3,3,10,2,18,19,723,0,7113155,1315580,38,471,35,1,1,0,4068
316,1,3,2,3,10,10,2,3,41,724,1,3020775,2184534,9,590,32,2,0,1,6291
138,0,1,4,3,1,5,1,25,18,725,1,2126755,444223,18,858,52,4,1,1,21825
677,0,4,2,1,4,10,1,6,21,726,0,4375794,3384353,29,646,52,2,0,1,6291
481,0,1,4,3,1,6,4,10,18,727,0,364446,1809840,26,786,36,5,0,0,50589
541,0,3,1,3,7,4,3,18,47,728,0,3706013,3239250,31,568,46,7,1,1,248000
258,0,5,1,3,2,5,4,24,40,729,1,6320596,3572914,38,864,47,5,1,1,50589
149,0,3,1,3,10,5,5,3,43,730,1,5532661,2244974,31,672,32,1,0,1,4068
854,1,1,1,1,8,10,1,21,71,731,0,9432514,3887605,19,616,27,2,0,1,6291
605,0,2,5,3,8,2,1,15,54,732,0,6465263,3672143,13,458,60,7,1,0,248000
342,1,2,4,3,10,4,1,18,28,733,0,3739867,3337039,2,533,34,2,0,1,6291
188,0,2,2,3,9,2,1,8,34,734,0,3761621,1685249,28,400,45,6,1,1,189022
526,0,4,3,3,5,9,3,18,36,735,1,2013735,3428938,11,790,47,4,1,1,21825
383,0,2,2,3,5,3,4,28,20,736,1,7513878,1894498,4,891,60,7,1,0,248000
791,1,3,2,3,7,9,1,6,25,737,0,3614238,1197563,17,722,63,6,0,1,189022
378,0,4,3,3,1,2,3,21,10,738,1,9092167,3374792,28,658,63,4,1,1,21825
593,0,3,4,3,6,7,2,28,44,739,0,4508050,2286935,7,563,57,4,0,1,21825
385,0,2,4,3,9,10,3,14,42,740,0,2100435,2117747,1,849,56,2,1,1,6291
474,1,3,5,3,3,2,1,13,47,741,0,5411037,1352559,8,542,36,2,1,0,6291
472,1,2,1,3,10,2,1,7,18,742,0,3702293,1779495,26,377,56,5,0,1,50589
195,1,2,1,3,2,2,3,22,59,743,0,7153993,3824588,4,576,30,3,0,1,9459
977,1,4,1,3,1,5,1,8,10,744,0,8815218,2775427,37,777,35,7,0,1,248000
113,0,3,4,1,6,10,1,13,31,745,0,2536032,2940609,22,588,32,4,0,0,21825
937,0,3,1,3,7,5,3,26,8,746,0,5664859,1625360,9,739,52,3,0,1,9459
682,1,1,2,3,7,8,4,13,28,747,0,6191561,628625,39,703,35,6,1,1,189022
390,0,4,3,3,1,1,5,15,65,748,1,6850204,2791216,34,740,58,6,1,1,189022
707,0,1,1,3,8,2,4,19,13,749,0,9271403,459928,37,834,57,3,1,1,9459
903,0,1,5,3,8,8,3,7,11,750,0,8917737,2118943,5,386,24,1,0,1,4068
639,1,4,2,3,7,8,1,7,21,751,0,3289146,3846584,28,792,40,7,1,0,248000
805,0,3,4,4,2,7,4,25,51,752,1,8898560,1046938,14,529,32,7,1,1,248000
171,0,1,1,3,10,3,3,28,10,753,0,801936,2803557,14,872,39,2,1,0,6291
752,1,1,2,3,10,10,3,27,41,754,0,6967530,3672851,9,873,26,6,1,0,189022
573,0,2,3,2,6,3,2,15,35,755,0,2234660,2320602,7,338,64,2,1,0,6291
839,1,4,5,3,5,3,1,22,13,756,0,4889310,1400906,31,718,45,5,1,0,50589
944,1,2,5,3,10,8,2,6,59,757,0,2511604,3371249,13,482,43,2,0,1,6291
753,1,3,5,3,5,2,5,17,45,758,1,9018803,3382285,35,538,47,1,1,0,4068
237,1,1,4,3,6,7,3,27,31,759,0,2877704,2243102,4,445,56,7,0,1,248000
295,0,4,3,3,8,8,3,5,23,760,1,5463096,3760118,17,864,43,6,1,1,189022
297,0,3,4,3,7,7,1,28,43,761,0,2073821,2721985,6,590,44,7,1,1,248000
540,0,1,3,2,6,3,2,10,32,762,0,852846,2224710,30,441,59,2,0,0,6291
206,1,1,4,3,8,2,2,4,69,763,1,404695,623209,23,317,35,4,0,1,21825
316,0,1,1,3,3,9,1,9,61,764,0,317728,3247845,38,833,49,4,0,1,21825
273,1,1,2,2,4,4,2,12,16,765,0,6766867,416044,24,526,25,7,1,1,248000
555,0,1,1,3,1,1,1,29,37,766,0,528967,1215005,37,881,45,5,1,1,50589
469,1,3,1,3,5,9,2,15,33,767,1,5112973,2555018,35,542,42,7,1,1,248000
218,0,1,4,1,5,10,1,14,13,768,0,8851153,386416,7,466,41,6,0,1,189022
856,1,1,1,3,3,8,5,5,13,769,0,904440,1475825,7,459,57,7,0,1,248000
871,0,2,4,1,7,10,1,13,38,770,0,2931548,3182756,25,402,54,4,1,1,21825
670,0,1,4,3,1,3,1,2,11,771,0,8919449,1223289,13,414,26,1,1,0,4068
466,1,1,1,2,10,4,2,6,19,772,0,1742378,862318,18,540,23,2,1,0,6291
189,1,1,5,3,1,2,2,8,65,773,0,6055822,628557,32,721,50,3,1,1,9459
762,0,1,5,3,9,10,1,30,35,774,0,232022,1946397,38,879,45,2,1,1,6291
326,0,1,4,3,1,4,1,18,8,775,0,5201308,2426005,1,354,26,1,0,1,4068
503,0,1,3,2,5,6,2,12,19,776,0,1882194,758833,11,321,55,2,1,1,6291
544,1,1,3,3,9,5,3,24,44,777,1,9637219,1802749,5,449,34,7,1,0,248000
124,0,4,5,3,5,4,4,22,29,778,1,2855930,1580198,32,613,47,2,0,1,6291
121,0,1,5,3,2,3,5,9,66,779,0,1964755,443388,11,622,51,4,1,1,21825
994,0,2,2,3,9,7,1,3,35,780,0,5880583,1331882,30,332,63,1,1,0,4068
749,0,3,5,3,7,1,2,19,26,781,0,7523973,1053285,34,529,32,4,1,1,21825
517,0,1,5,3,7,10,4,11,57,782,0,238856,3575236,14,527,25,5,0,0,50589
379,1,2,2,3,5,9,1,4,65,783,0,1303887,3982788,20,445,37,7,1,0,248000
794,0,1,2,2,9,1,2,3,48,784,0,3717173,429364,13,898,33,6,1,0,189022
555,1,1,5,3,5,9,2,8,59,785,0,2546820,3949463,17,561,27,6,0,1,189022
444,1,2,4,3,5,5,3,18,30,786,0,4313639,2942418,38,418,32,5,0,1,50589
593,0,3,1,3,9,4,1,14,37,787,1,1559004,2662966,15,621,49,1,0,0,4068
456,0,3,3,3,5,7,4,2,61,788,1,7613850,2993301,37,535,31,7,0,0,248000
438,0,1,3,5,4,9,5,22,48,789,0,8738353,1964778,5,433,60,1,0,1,4068
125,0,2,3,3,8,5,3,24,53,790,0,5875035,1311243,1,534,63,5,0,0,50589
983,0,2,3,3,2,3,5,2,58,791,0,6644659,3653531,38,496,57,6,0,0,189022
612,1,2,3,3,7,5,1,18,61,792,0,9583459,1440126,12,319,61,6,1,0,189022
790,0,2,3,3,8,6,4,29,19,793,0,2591634,2665243,6,311,50,3,1,1,9459
123,0,4,2,3,6,8,4,23,40,794,1,7556514,3029102,17,658,42,6,1,0,189022
402,1,3,3,3,5,3,4,4,65,795,1,1439411,1539027,17,866,58,7,1,0,248000
427,1,2,1,3,10,4,2,26,35,796,0,3929886,3525008,11,481,59,7,0,1,248000
158,0,1,3,3,2,2,4,4,20,797,1,698411,517720,6,887,33,6,0,1,189022
231,1,1,1,3,1,10,2,4,58,798,0,3947565,690525,24,596,41,5,1,0,50589
900,1,1,2,3,4,7,4,7,68,799,0,5989830,2168856,4,815,27,7,1,0,248000
210,0,1,4,3,8,2,5,29,70,800,0,6055093,583073,39,803,47,2,0,1,6291
656,1,2,3,5,4,7,5,18,60,801,0,6141150,3087176,19,430,38,5,1,0,50589
678,1,3,1,3,9,6,4,26,68,802,0,5341371,856935,31,558,53,7,1,1,248000
283,0,3,5,3,5,1,4,8,39,803,1,4370172,2199461,17,581,36,7,0,0,248000
368,0,4,5,3,5,8,2,15,57,804,0,9210147,1653871,32,689,39,7,0,0,248000
204,0,2,4,3,6,8,2,19,22,805,0,7633969,2373207,22,316,63,6,0,0,189022
958,0,2,1,2,8,6,2,7,19,806,0,6445385,1162516,34,414,34,5,1,1,50589
388,1,2,3,1,6,10,1,20,41,807,0,2391949,2506807,11,436,57,4,1,0,21825
562,0,2,4,3,5,2,2,21,64,808,1,3535865,3514242,32,420,40,7,1,0,248000
150,0,3,4,2,3,1,2,4,49,809,0,4210630,1633299,20,670,29,1,1,0,4068
102,0,2,1,3,1,4,1,26,35,810,1,6211367,3961273,3,890,47,4,0,0,21825
132,0,4,3,4,10,10,4,25,58,811,1,8445704,2373013,20,740,52,4,0,1,21825
133,1,4,4,3,8,9,3,19,25,812,1,4404365,1943712,32,818,52,4,0,0,21825
817,0,1,3,3,6,4,1,2,23,813,0,2142032,1767860,20,889,25,2,1,0,6291
361,1,3,4,3,9,3,2,30,46,814,0,1668216,1580389,40,868,34,1,0,1,4068
184,0,3,1,3,3,2,1,3,10,815,1,2110102,986458,40,792,63,5,0,0,50589
608,0,4,5,3,4,2,5,13,43,816,1,8428152,2071793,34,615,40,2,0,0,6291
647,0,4,4,3,9,9,5,21,25,817,0,6330319,3259300,31,667,62,4,1,1,21825
941,1,2,1,4,7,7,4,20,47,818,0,2977881,3906840,40,304,32,2,0,1,6291
838,1,2,5,3,4,2,2,12,71,819,0,5459848,1096832,13,300,49,2,0,0,6291
240,1,2,4,3,9,1,5,3,57,820,1,4085638,1624273,17,434,43,7,0,1,248000
593,0,1,4,3,2,1,1,10,17,821,0,6544967,3642673,17,804,27,7,1,0,248000
942,0,3,5,2,1,4,2,11,33,822,0,4403796,3298345,7,623,65,6,1,0,189022
417,1,1,2,3,5,9,4,14,37,823,0,9621081,3593924,5,423,25,4,0,0,21825
139,0,2,3,2,8,7,2,15,8,824,1,2797244,2230655,21,369,62,4,0,0,21825
356,0,4,2,3,8,3,2,3,57,825,1,8858128,3374398,31,667,42,2,0,1,6291
474,1,2,5,3,4,9,1,27,13,826,0,5375160,3539241,13,361,30,2,1,1,6291
432,1,1,4,2,4,2,2,16,21,827,0,509805,3507532,34,595,54,1,1,1,4068
694,0,1,4,3,3,9,1,14,45,828,0,426775,3350672,27,615,55,1,0,1,4068
162,1,1,2,3,7,3,1,2,38,829,0,3161220,2397891,19,508,27,4,1,0,21825
247,0,3,2,4,8,10,2,30,68,830,0,7744620,2410880,7,773,50,4,0,0,21825
532,1,1,1,3,10,8,4,3,65,831,0,6701489,648733,3,805,47,2,0,1,6291
894,0,3,5,3,1,9,4,28,10,832,0,6595031,1311031,27,583,65,6,0,0,189022
311,1,3,3,3,7,10,3,13,45,833,0,8869558,3044736,26,503,31,3,0,0,9459
104,1,1,4,3,10,1,5,9,60,834,0,301337,425240,14,589,49,1,0,0,4068
254,1,3,5,3,8,2,2,26,30,835,0,3516308,1947004,28,581,61,3,0,0,9459
987,0,4,2,3,7,2,2,25,49,836,0,5608929,1221771,38,718,50,2,1,1,6291
571,0,4,4,3,10,2,1,10,62,837,0,3040057,2345025,22,852,57,5,1,0,50589
416,1,2,4,3,1,3,4,24,46,838,0,6600219,1561746,6,414,35,5,1,1,50589
322,1,3,2,3,4,9,2,14,24,839,1,6962333,3112718,26,599,31,5,0,1,50589
685,0,1,5,3,7,8,4,4,60,840,0,5923891,359500,13,338,63,5,1,1,50589
555,1,2,5,3,10,7,3,27,59,841,0,2902998,1764136,7,447,55,2,0,0,6291
819,0,1,5,3,7,2,2,28,36,842,0,7844470,2096728,10,782,23,7,0,0,248000
504,1,1,3,4,3,9,1,30,54,843,0,5653225,605154,11,449,40,1,0,1,4068
657,0,1,1,3,5,2,4,18,17,844,0,689265,1226481,9,646,35,1,0,0,4068
642,1,4,1,3,2,8,5,3,49,845,1,6080512,3073135,27,719,39,3,1,0,9459
345,0,3,2,3,9,5,4,22,35,846,0,1522643,1693347,17,691,34,4,1,0,21825
500,1,1,5,3,1,9,4,21,23,847,0,859640,2799925,32,560,38,5,1,1,50589
906,0,5,1,3,1,9,5,29,34,848,0,7833425,3434960,31,816,51,1,1,0,4068
175,0,1,5,3,2,5,4,21,22,849,0,4232468,319549,38,353,23,2,1,1,6291
175,1,4,1,3,1,1,3,16,24,850,1,7212970,1952581,39,693,51,7,1,1,248000
625,0,3,5,2,10,8,2,7,37,851,0,1071809,3887192,7,705,59,4,0,0,21825
170,1,1,2,2,4,10,2,17,69,852,0,888468,1101430,7,392,41,3,1,0,9459
484,1,1,2,2,3,3,2,18,14,853,0,1210608,2140338,2,323,40,3,1,0,9459
242,0,1,1,3,6,1,4,2,63,854,1,1392104,1634791,2,412,48,1,1,0,4068
534,1,4,4,3,2,7,5,17,8,855,0,5303390,3553047,22,689,63,7,0,1,248000
463,1,1,1,3,4,9,4,28,38,856,0,2699227,2210961,1,302,48,2,1,1,6291
796,0,1,5,3,9,6,2,16,57,857,0,4864191,3336186,23,556,27,2,0,0,6291
395,0,2,3,5,1,8,5,24,70,858,0,4638751,2066136,37,449,33,6,0,0,189022
512,1,5,5,3,9,10,2,20,9,859,1,4588102,3372644,27,764,56,1,1,1,4068
700,1,5,1,2,9,4,2,5,39,860,0,4337033,2543693,21,890,45,7,1,0,248000
461,1,5,5,3,2,6,3,30,40,861,0,7734844,2257977,21,849,56,1,0,1,4068
660,0,2,2,3,1,1,3,13,11,862,0,7662299,3639290,40,376,41,1,0,0,4068
631,0,1,1,3,10,4,4,8,69,863,0,1934063,332444,35,635,58,7,1,0,248000
746,0,2,3,3,5,1,3,11,20,864,0,4768211,1129683,31,446,43,1,1,0,4068
826,0,3,2,3,8,9,5,3,34,865,0,9656266,3793487,28,790,28,7,1,0,248000
581,1,5,2,3,2,5,1,17,12,866,0,9596257,2550323,37,878,58,2,0,0,6291
672,0,4,5,3,10,9,5,5,49,867,1,4587563,1822254,10,631,36,2,1,1,6291
656,1,1,2,3,1,4,2,22,57,868,0,284004,3188338,9,821,63,1,1,0,4068
973,0,4,4,3,4,1,2,28,28,869,0,6080442,1392729,21,677,62,2,1,1,6291
433,0,4,2,3,10,10,3,29,67,870,0,2754561,1531456,24,629,53,3,0,0,9459
618,0,2,3,2,1,7,2,14,50,871,0,7083264,2342203,40,322,34,6,1,0,189022
296,0,1,4,3,4,4,1,14,22,872,0,822183,1376004,14,576,31,7,0,0,248000
781,0,4,3,3,3,4,4,17,62,873,0,7941272,1806662,10,767,49,2,1,1,6291
171,1,4,3,3,7,1,4,11,12,874,0,9247685,2199924,28,624,63,2,0,1,6291
755,1,1,2,3,9,7,5,12,67,875,0,6424707,653663,27,666,54,6,1,1,189022
843,0,2,4,3,6,6,4,17,58,876,0,5131618,3582412,38,379,49,4,0,0,21825
557,0,1,1,3,6,3,3,22,18,877,0,627705,1209699,35,717,60,7,1,1,248000
845,1,3,3,3,4,6,3,29,19,878,0,2149160,2841202,7,633,42,2,0,0,6291
389,0,2,4,3,9,2,2,7,65,879,0,3501601,1586349,38,349,54,1,0,0,4068
184,0,2,3,3,6,2,3,23,70,880,0,9672092,2164241,7,438,29,6,0,1,189022
967,0,4,2,3,6,9,3,30,19,881,0,9062554,3935681,22,669,60,1,1,1,4068
564,0,2,1,3,8,10,4,8,62,882,0,3029856,3566194,4,846,34,1,1,1,4068
706,1,4,1,3,3,5,1,9,61,883,0,3590637,3169516,12,600,38,5,1,1,50589
348,0,1,3,3,9,1,2,21,64,884,0,1795401,3927631,12,557,27,2,1,1,6291
486,1,3,4,3,2,10,5,8,38,885,1,6450741,2134971,30,556,58,6,1,0,189022
370,1,1,4,3,2,9,4,14,66,886,0,5041185,494791,15,439,40,7,1,1,248000
171,0,4,5,2,10,5,2,11,48,887,0,2695933,2932546,20,778,48,4,0,0,21825
793,0,3,4,4,4,8,4,28,63,888,0,1424094,1372967,27,806,35,7,1,0,248000
763,1,1,1,3,10,6,3,22,16,889,0,4686024,2359870,17,894,23,1,1,1,4068
859,0,3,4,3,7,8,5,8,23,890,1,9824630,1191693,36,776,55,1,1,1,4068
935,0,3,3,3,5,5,5,6,65,891,0,4463879,1516208,18,874,29,6,1,0,189022
328,1,2,5,3,6,4,1,24,15,892,0,6365525,1293345,17,491,58,5,1,0,50589
116,1,2,1,2,2,2,2,11,32,893,1,6649435,1563704,11,324,64,3,0,0,9459
550,1,2,2,5,4,10,5,22,61,894,0,1967555,2575600,10,368,63,5,1,0,50589
346,0,2,3,3,10,2,4,18,58,895,0,9359590,3190029,36,407,42,1,0,0,4068
314,1,5,1,3,1,9,2,2,48,896,1,7315911,3894623,26,866,58,6,0,1,189022
457,0,4,4,3,1,1,3,29,47,897,1,5885279,2895035,27,769,52,1,0,1,4068
582,1,1,3,3,6,7,1,14,30,898,0,354053,1512581,16,457,65,2,0,1,6291
470,0,3,5,3,5,6,3,17,52,899,0,7259611,3134866,28,506,46,3,1,1,9459
278,1,3,1,5,5,7,5,21,56,900,1,6995179,3152784,5,556,48,1,0,0,4068
362,1,4,5,3,1,1,3,8,61,901,0,7218823,1423332,39,827,43,4,1,0,21825
261,1,3,1,3,6,5,4,6,8,902,1,8135957,3041232,22,717,31,7,1,1,248000
740,0,1,3,3,1,7,4,19,30,903,0,6198876,321427,40,497,61,6,1,0,189022
163,1,4,1,3,10,5,2,25,60,904,0,2883371,1806344,24,802,45,7,1,1,248000
132,1,2,5,3,9,2,1,20,40,905,0,7560878,2032494,39,405,62,1,1,1,4068
833,1,1,2,3,4,1,1,28,54,906,0,8018048,737489,23,798,38,6,0,1,189022
932,1,1,2,3,2,10,4,21,27,907,0,7138982,3525994,29,870,27,5,0,1,50589
603,0,3,1,3,5,5,3,18,46,908,0,1518809,2470267,7,673,34,7,0,0,248000
125,0,4,4,3,1,4,3,15,55,909,1,3293947,2564398,14,641,49,6,1,0,189022
584,1,1,4,1,3,10,2,23,55,910,0,9196499,304966,14,330,34,5,1,0,50589
478,0,1,3,5,1,9,5,25,56,911,0,633242,1517933,18,725,49,7,1,1,248000
222,0,2,5,3,10,4,5,22,36,912,1,2248864,2384356,31,308,35,7,1,0,248000
489,0,1,5,2,7,8,2,17,29,913,0,9687622,2221750,5,365,51,6,1,0,189022
358,0,1,1,3,1,8,5,4,38,914,1,4542433,3696879,19,769,23,2,1,1,6291
611,0,1,5,3,1,4,4,13,40,915,0,965563,339965,3,564,28,1,1,0,4068
257,1,3,1,3,9,3,1,6,32,916,1,3150642,1030062,28,549,61,1,1,1,4068
338,1,2,2,3,5,5,1,9,62,917,0,7561517,2289802,9,349,36,2,1,1,6291
833,0,4,2,5,7,8,5,19,69,918,0,9547625,2265721,16,672,45,6,1,1,189022
424,1,1,3,3,2,8,5,21,8,919,0,4466233,673215,24,364,47,6,0,0,189022
339,0,2,4,3,8,10,5,2,61,920,1,7402971,1765563,31,350,49,1,1,1,4068
992,0,2,3,2,9,7,1,30,72,921,0,4484625,1727990,14,476,28,3,0,0,9459
141,0,3,5,3,6,10,5,6,61,922,1,1163811,2273358,29,773,41,2,0,1,6291
730,1,1,1,3,10,8,3,25,16,923,0,771906,2623243,15,883,51,2,0,1,6291
594,0,1,5,3,2,10,3,9,46,924,0,6376493,3938740,34,838,26,6,0,0,189022
194,1,3,5,3,2,2,4,16,10,925,0,8887609,3613335,5,779,46,7,1,1,248000
800,0,3,4,3,10,1,2,28,11,926,0,2253630,1232605,11,698,32,3,0,0,9459
429,1,2,1,3,7,2,4,17,62,927,0,7124612,2316386,19,426,28,7,1,0,248000
285,1,2,5,1,9,10,1,4,26,928,0,3504753,1969240,37,436,49,4,0,1,21825
724,1,2,1,3,10,9,3,8,54,929,0,3675762,3136096,9,339,56,1,1,1,4068
338,1,1,4,3,2,10,2,15,15,930,0,1748461,450879,10,579,24,1,0,1,4068
445,0,2,5,3,6,9,3,5,14,931,1,4119394,1152152,14,340,55,7,0,0,248000
950,0,2,2,3,2,2,5,23,8,932,1,6834723,3092558,13,429,43,7,1,1,248000
301,0,3,4,3,3,8,1,10,36,933,0,6571354,1000102,30,772,50,4,1,1,21825
776,1,4,5,2,4,5,2,15,24,934,0,9232439,3123122,15,725,65,6,0,0,189022
569,0,4,2,3,2,2,4,17,51,935,0,2604698,3345974,14,680,35,5,0,0,50589
995,1,4,3,3,4,9,1,17,64,936,0,7384214,3423390,10,769,54,2,1,1,6291
477,0,3,2,3,9,1,4,20,44,937,0,2333260,987871,13,593,50,2,1,1,6291
590,0,1,5,3,8,3,4,14,47,938,0,2504162,1847822,38,743,26,6,1,1,189022
663,0,1,4,3,5,7,4,29,15,939,0,1812186,378587,30,719,43,5,1,1,50589
327,1,3,4,3,5,5,5,21,40,940,1,8979635,2500665,12,687,33,3,1,0,9459
920,0,3,3,3,2,6,4,2,22,941,1,6094766,1400493,25,851,32,5,1,1,50589
698,0,3,3,3,10,7,3,12,22,942,0,4068271,1989228,9,721,28,3,1,1,9459
838,1,4,3,2,5,1,2,12,20,943,0,7549050,3058974,16,806,36,2,1,1,6291
141,0,3,4,3,1,7,2,23,18,944,0,5828840,2512133,33,559,63,1,1,0,4068
175,0,3,3,1,5,10,1,16,44,945,0,1723136,1139635,17,724,40,6,0,1,189022
352,1,4,2,3,2,5,3,2,13,946,0,8472074,2706559,12,870,48,7,1,0,248000
275,1,1,4,3,6,8,4,6,23,947,0,9251271,2271063,16,783,26,3,1,0,9459
711,1,1,3,3,7,2,3,5,24,948,0,4836998,1028988,26,815,23,6,0,0,189022
714,0,4,5,3,3,9,4,10,57,949,1,4978037,1408283,22,823,37,2,1,0,6291
138,1,4,4,3,5,6,4,11,34,950,1,2641438,2329048,23,687,37,2,0,0,6291
433,0,2,3,3,4,9,2,25,28,951,0,9760399,3736883,18,410,46,3,0,0,9459
640,0,1,4,3,10,6,5,2,49,952,1,905510,3015432,29,810,29,7,1,0,248000
775,0,2,1,3,6,6,1,5,50,953,0,2591442,3225928,28,440,38,4,0,0,21825
632,1,3,4,3,9,1,2,30,54,954,0,6661639,3934553,9,866,28,3,0,0,9459
187,1,1,3,3,1,8,4,27,38,955,0,2032577,520761,28,354,23,2,1,1,6291
498,1,4,1,3,4,9,1,19,41,956,0,6016809,3130319,29,621,62,7,0,0,248000
614,0,3,4,3,8,6,4,7,66,957,0,1119474,2794237,40,782,30,1,0,0,4068
438,0,2,4,3,10,1,2,3,59,958,0,3120475,3641084,40,330,40,5,0,1,50589
222,0,4,2,3,7,8,4,24,16,959,1,3496164,1505300,36,641,55,4,1,0,21825
578,1,1,4,3,7,9,1,13,35,960,0,418141,2330890,31,893,52,2,1,1,6291
278,0,1,3,3,9,7,4,15,45,961,0,994610,392810,10,324,54,1,1,0,4068
171,0,2,4,3,2,1,2,7,64,962,0,9345326,3451121,18,334,38,4,1,1,21825
733,0,3,5,3,4,1,4,26,10,963,0,8952541,1472096,17,741,34,7,0,0,248000
340,1,2,2,1,6,10,1,17,36,964,0,3823346,1131143,1,658,54,1,0,0,4068
494,0,1,5,3,3,5,3,23,16,965,0,4949793,427014,27,757,41,7,1,0,248000
508,0,3,4,3,5,6,3,15,38,966,1,6015884,2169282,8,817,61,6,0,1,189022
484,1,1,2,3,3,5,5,25,38,967,0,296800,2094241,19,540,45,2,0,1,6291
345,0,3,5,3,8,2,5,4,56,968,1,8904553,3068432,12,752,30,1,0,1,4068
777,0,2,2,2,6,4,2,13,48,969,0,9952208,1166518,13,338,58,6,1,1,189022
335,0,4,1,3,8,5,4,13,8,970,1,8461506,3452941,14,684,42,2,0,1,6291
539,0,3,5,3,10,7,4,23,24,971,0,5397770,2037850,9,615,28,1,0,1,4068
793,0,1,5,3,8,10,4,29,24,972,0,5016304,3546769,19,506,23,1,0,1,4068
398,0,1,5,3,4,10,2,28,22,973,1,3101530,3115510,18,373,24,4,0,0,21825
675,0,3,2,2,9,1,2,15,15,974,0,2653467,3081415,35,528,37,5,1,1,50589
876,1,1,4,3,9,5,4,13,37,975,0,7117624,322014,12,795,41,6,0,0,189022
331,0,2,3,3,10,2,1,4,47,976,0,6984952,3461436,24,328,64,4,0,0,21825
891,1,3,3,3,5,2,2,11,56,977,0,4883008,3201313,7,699,29,3,0,1,9459
180,0,2,3,3,8,2,5,9,47,978,1,2582488,1743157,15,336,59,7,0,1,248000
127,0,1,3,1,6,10,1,17,23,979,0,8492450,1805090,2,471,55,3,1,0,9459
682,1,2,1,3,9,7,3,2,60,980,0,3609404,2869760,15,341,34,2,0,1,6291
959,0,5,3,4,2,7,4,17,49,981,1,9962862,2481554,38,763,46,1,0,1,4068
413,1,3,4,3,9,2,5,29,18,982,1,9459493,1211974,7,682,47,4,1,0,21825
980,0,1,4,3,8,4,5,12,27,983,0,4535595,749443,10,482,31,1,0,0,4068
947,0,1,3,3,1,4,5,8,50,984,0,5570387,3341269,4,418,42,7,0,1,248000
673,1,1,3,5,10,7,5,19,53,985,0,2635462,2782660,10,715,25,6,0,1,189022
690,1,2,1,3,8,5,4,14,54,986,0,9852692,2940023,35,386,51,5,0,1,50589
422,0,1,5,3,5,5,5,18,53,987,0,5162908,316371,31,869,61,6,0,0,189022
132,1,2,2,3,9,2,5,25,35,988,0,7916550,2006106,2,798,56,1,0,1,4068
284,0,1,3,3,7,5,1,9,53,989,0,5904476,337990,39,323,36,7,1,1,248000
125,0,2,1,2,10,4,2,16,33,990,0,6069221,2586318,15,424,56,2,0,0,6291
421,0,3,3,3,5,6,3,6,25,991,1,7243259,3836975,17,876,33,4,0,1,21825
114,0,2,4,3,7,5,4,2,66,992,0,7046981,2007121,31,498,46,3,1,1,9459
337,1,2,4,3,9,1,3,5,45,993,0,8416493,1356923,14,368,36,7,0,1,248000
759,0,3,3,3,7,2,3,7,27,994,0,5299657,2913077,23,503,53,5,1,0,50589
158,1,1,3,3,10,2,2,16,65,995,0,8784694,2365921,36,508,23,1,0,0,4068
624,1,3,2,3,3,2,4,4,12,996,1,6770709,990441,24,806,30,6,1,1,189022
518,0,1,5,1,10,8,1,18,70,997,0,9309819,1033299,38,723,26,7,1,1,248000
802,0,1,1,3,2,9,2,21,24,998,0,5348127,3205152,30,810,23,5,0,0,50589
716,0,2,5,3,10,3,5,25,8,999,1,1443537,2810329,27,466,54,5,0,0,50589
867,0,3,3,3,5,6,5,27,56,1000,0,9541997,2494621,19,738,31,5,1,0,50589
571,1,1,3,3,3,3,3,29,39,1001,0,5109107,3666966,23,547,26,7,0,0,248000
574,1,1,1,3,5,4,1,25,49,1002,0,5632378,448772,7,428,34,6,1,1,189022
809,1,1,2,3,9,1,3,14,39,1003,0,6951806,691636,11,887,46,5,0,0,50589
814,0,2,2,3,7,8,5,7,36,1004,1,8943765,1704030,2,728,43,4,1,0,21825
302,1,1,2,3,8,4,4,10,26,1005,1,6410326,1094643,10,352,24,5,1,1,50589
975,1,3,4,3,10,10,2,9,24,1006,0,8854638,3282895,27,509,29,7,1,0,248000
973,0,1,1,3,4,5,1,20,42,1007,0,8773413,778917,16,656,27,5,1,0,50589
878,1,4,5,2,8,2,2,14,48,1008,0,4926977,3024564,18,661,65,7,0,1,248000
113,0,5,2,1,6,7,2,27,63,1009,0,4009477,3173981,20,789,58,4,1,0,21825
238,1,3,4,3,5,5,3,5,31,1010,1,1167884,1692318,20,860,45,2,0,0,6291
179,0,1,1,3,2,7,5,2,71,1011,1,8603098,594084,2,722,53,3,1,1,9459
656,0,2,5,3,2,2,1,19,55,1012,0,4610762,1403017,28,336,61,7,0,0,248000
448,0,1,4,3,4,9,2,20,40,1013,0,658486,1856688,37,688,34,3,0,1,9459
103,0,3,1,3,9,2,1,25,53,1014,0,7909703,1236592,36,503,57,5,1,1,50589
125,0,1,1,3,6,1,1,30,18,1015,0,4883717,3284121,10,339,26,7,0,1,248000
261,1,3,3,3,2,3,5,18,51,1016,1,7796399,3920485,14,521,65,5,1,0,50589
362,0,1,3,3,9,2,2,11,71,1017,0,4795195,2817088,7,490,23,3,1,0,9459
323,0,3,5,3,8,9,1,4,65,1018,0,7310634,2689123,25,759,29,1,1,1,4068
614,1,2,5,3,1,6,1,5,35,1019,0,9589002,2283880,11,460,56,1,1,1,4068
345,0,1,5,3,6,10,2,12,56,1020,0,6884210,485150,38,475,52,5,0,1,50589
991,1,1,1,3,6,6,2,30,64,1021,0,81337,916284,6,598,44,3,1,1,9459
755,1,3,1,3,1,9,2,11,47,1022,0,8898139,2660489,16,598,37,7,0,1,248000
861,1,4,5,3,9,9,3,4,36,1023,1,8220121,3750698,15,664,45,1,0,1,4068
745,0,3,3,2,4,2,2,10,22,1024,0,9730563,3503174,22,502,50,1,0,1,4068
236,0,1,4,3,9,6,5,14,38,1025,1,3491794,2538044,1,726,26,3,0,1,9459
461,0,5,2,3,3,1,1,18,39,1026,0,7945541,3493951,36,858,53,1,0,0,4068
996,0,5,3,3,3,6,3,28,72,1027,0,5107514,3562572,34,763,62,6,0,1,189022
643,1,1,5,3,3,1,2,20,72,1028,0,737284,3381099,15,852,46,3,0,0,9459
887,1,3,2,3,1,4,4,6,19,1029,1,2364561,3827586,7,668,47,4,0,0,21825
209,1,3,1,3,5,7,3,22,45,1030,1,1804035,2511931,25,727,36,5,0,0,50589
973,0,2,2,3,7,6,3,29,8,1031,0,9349573,2251537,4,748,55,3,0,1,9459
955,0,3,5,3,6,1,3,12,42,1032,0,3787044,869927,5,875,55,7,0,1,248000
487,0,2,5,3,8,6,3,15,26,1033,0,4875032,3438983,38,344,48,2,1,0,6291
175,0,3,3,3,3,5,1,15,40,1034,0,1032210,3788631,32,834,32,6,0,0,189022
675,0,4,4,3,3,3,1,16,46,1035,0,7935969,2625562,28,680,60,3,0,1,9459
213,1,2,4,3,6,9,3,28,39,1036,0,7386228,1476581,4,691,40,4,0,0,21825
951,0,3,2,3,8,6,4,2,19,1037,0,1958655,1513513,35,511,46,6,0,0,189022
618,0,3,2,3,8,4,2,23,35,1038,0,5354529,1399608,14,527,58,2,0,1,6291
362,0,4,2,3,7,10,3,13,41,1039,1,7526865,2376812,18,609,58,1,1,1,4068
876,0,4,4,3,6,8,3,17,17,1040,1,3935517,3743432,11,801,57,2,1,1,6291
191,1,4,1,2,7,1,2,18,13,1041,0,9822126,1538241,39,618,43,2,0,0,6291
205,0,2,3,3,3,1,1,28,11,1042,0,1112307,3375899,4,713,28,6,1,0,189022
603,1,4,1,3,7,3,3,10,20,1043,1,2379479,1828526,28,820,43,7,1,0,248000
498,0,1,5,3,8,6,3,19,19,1044,0,9611801,740301,16,474,29,1,1,0,4068
924,1,1,1,3,7,4,3,14,21,1045,0,90738,999919,35,553,31,2,1,0,6291
651,0,1,5,3,9,4,3,10,45,1046,0,727019,1161188,37,611,23,1,0,0,4068
295,1,1,2,2,6,3,2,18,28,1047,1,879342,1149814,40,880,48,2,0,0,6291
371,1,3,1,3,3,2,1,4,59,1048,0,1918412,1219220,21,603,61,1,1,0,4068
312,1,1,1,3,3,3,4,7,45,1049,1,197508,740386,26,819,30,3,0,0,9459
456,1,1,4,2,3,3,2,5,33,1050,0,393095,1172263,12,548,32,4,0,1,21825
105,1,3,4,3,9,4,4,15,53,1051,0,1403124,962893,18,612,29,4,1,1,21825
117,0,1,5,3,5,3,4,10,11,1052,0,548528,3734824,6,385,52,2,0,0,6291
504,1,2,1,3,5,5,2,27,27,1053,0,2973778,2236645,20,386,28,4,0,0,21825
586,0,3,5,3,3,6,1,12,22,1054,0,5136691,2913799,8,626,59,7,0,0,248000
582,0,1,1,3,10,4,1,17,59,1055,0,9953969,2405679,5,319,52,4,0,0,21825
370,1,4,3,3,5,2,1,29,10,1056,0,5170375,2769711,32,626,62,2,1,1,6291
239,0,3,5,3,7,3,2,25,62,1057,0,7141338,918281,30,652,42,1,1,1,4068
790,0,1,1,3,5,4,2,26,15,1058,0,517681,2248633,28,807,45,5,1,0,50589
361,0,1,2,3,1,9,5,8,14,1059,0,559214,3020406,33,657,26,3,1,1,9459
351,0,3,5,3,9,10,2,6,48,1060,0,4917891,3067321,19,642,30,4,0,0,21825
770,1,4,3,3,6,4,5,22,32,1061,1,3365066,2341049,30,661,52,2,1,0,6291
756,1,2,4,3,7,2,4,30,23,1062,0,5158612,2156403,14,439,43,1,0,0,4068
788,1,2,4,3,5,8,2,25,58,1063,0,1610346,1127198,10,471,31,7,1,0,248000
528,0,2,5,3,1,2,5,17,30,1064,1,1762753,3585789,9,367,41,7,1,1,248000
613,1,1,2,3,8,1,1,28,58,1065,0,9586000,539369,26,509,45,6,1,1,189022
302,0,4,4,3,8,2,4,9,44,1066,1,3886250,3441003,34,625,45,2,1,1,6291
419,0,4,1,3,3,9,2,22,26,1067,1,8845468,3325789,18,775,44,7,1,0,248000
609,0,3,3,3,6,3,3,21,61,1068,0,2473498,3599427,17,557,62,5,0,0,50589
431,0,1,3,3,3,1,4,28,8,1069,0,217520,1249786,8,724,57,4,1,1,21825
842,0,1,4,4,10,7,4,27,48,1070,0,127042,3981127,31,663,57,6,1,0,189022
536,1,2,1,3,7,5,5,11,52,1071,1,9543398,854239,17,403,39,5,1,0,50589
898,1,2,4,3,4,10,2,22,20,1072,0,3364226,1712818,23,351,36,7,1,1,248000
864,0,1,4,3,4,2,5,16,13,1073,0,3750628,569896,38,650,51,1,0,1,4068
324,1,4,1,3,6,8,4,25,17,1074,1,9193690,2741471,10,766,36,3,1,1,9459
130,1,1,5,3,5,4,1,24,36,1075,0,122506,2525793,13,738,56,4,1,1,21825
642,1,4,2,2,8,2,2,4,9,1076,1,6033128,3928899,25,607,49,1,1,1,4068
836,1,1,1,3,1,4,2,25,31,1077,0,254305,3485266,23,729,36,2,1,1,6291
732,1,3,3,3,4,10,2,6,23,1078,1,3901735,1191121,15,532,33,7,0,0,248000
337,0,4,2,3,2,4,1,30,46,1079,0,9657376,2898199,34,649,46,2,0,1,6291
319,0,1,4,3,9,3,4,15,62,1080,0,3022330,3897834,5,432,44,3,1,1,9459
871,0,3,2,3,10,8,3,27,70,1081,0,2155937,2894072,6,732,50,3,0,0,9459
145,0,4,5,3,3,4,4,19,26,1082,0,7756826,3214815,13,790,44,4,0,1,21825
563,0,4,2,3,1,2,1,20,35,1083,0,5650659,1698111,13,704,54,1,0,0,4068
509,1,1,1,3,5,4,5,24,55,1084,0,9191858,2131979,1,353,61,1,1,1,4068
793,1,3,2,3,3,9,5,6,50,1085,0,5771156,3344315,6,704,41,6,1,0,189022
716,0,4,4,3,9,4,3,20,57,1086,0,8927004,3433495,23,708,50,7,1,0,248000
691,1,4,5,5,1,7,5,25,48,1087,1,5770642,1420261,34,640,49,3,1,1,9459
827,1,1,2,3,8,5,1,29,67,1088,0,8498713,1373559,2,315,46,6,0,0,189022
255,1,3,1,3,1,8,3,21,14,1089,1,6855704,2255882,11,653,30,5,0,0,50589
599,1,3,4,3,1,6,1,15,49,1090,0,7755431,3910215,7,580,36,6,1,0,189022
804,0,1,4,2,7,8,2,2,14,1091,0,1926506,577553,17,644,43,3,0,1,9459
941,0,3,4,3,10,3,5,9,11,1092,1,8417019,2185541,8,660,53,3,0,0,9459
930,0,3,2,3,10,3,2,19,9,1093,0,1505692,948779,28,617,58,7,0,1,248000
162,1,1,3,3,7,2,4,4,60,1094,1,6663960,711509,39,703,33,6,1,1,189022
172,0,2,1,3,5,4,2,30,69,1095,0,2635587,2322328,21,414,58,7,0,1,248000
600,0,3,3,5,6,10,5,26,62,1096,1,2814252,1544587,19,600,28,6,0,1,189022
712,1,3,4,3,10,3,4,29,69,1097,0,6420307,3122296,7,693,60,2,0,0,6291
417,1,4,4,3,1,6,5,16,42,1098,1,6169005,3662129,39,673,45,3,0,0,9459
618,1,3,4,3,9,8,5,22,10,1099,1,9888694,1149429,35,771,56,5,1,0,50589
104,1,4,1,3,5,1,5,2,41,1100,1,9861248,2616254,11,881,41,2,1,0,6291
700,1,1,2,3,8,7,1,25,8,1101,1,2689859,3956850,40,435,23,7,0,0,248000
705,0,3,2,3,1,7,5,26,31,1102,1,7876614,2835487,28,597,54,2,0,1,6291
717,0,4,5,3,7,2,4,13,9,1103,1,7856697,1927481,31,700,53,7,0,1,248000
316,1,1,4,3,7,1,4,16,28,1104,0,3614790,2890237,37,478,25,5,0,0,50589
623,0,2,3,3,4,10,3,16,46,1105,0,3227826,913669,35,335,44,5,0,1,50589
250,0,3,1,3,2,7,5,15,64,1106,1,3600754,1171345,26,584,41,2,0,1,6291
779,0,1,1,3,5,6,1,14,29,1107,0,7880852,780424,28,381,39,7,0,0,248000
837,1,1,4,3,3,8,5,6,69,1108,0,545579,3515857,32,337,58,2,1,1,6291
848,0,2,1,3,10,7,4,10,16,1109,1,3631862,3521866,4,813,35,2,1,0,6291
851,0,2,3,2,5,7,2,15,36,1110,0,5623396,1536191,1,765,31,5,0,1,50589
323,1,1,4,3,9,8,5,23,22,1111,0,9688898,681031,38,586,49,1,0,1,4068
465,1,2,3,3,3,2,1,27,58,1112,0,7805281,3809515,40,334,58,4,0,1,21825
303,0,2,2,3,8,8,4,19,40,1113,0,5805836,2651416,13,303,32,4,1,0,21825
779,0,3,5,5,5,8,5,19,63,1114,0,8044431,816085,21,717,54,6,0,1,189022
332,1,1,5,3,4,4,3,25,14,1115,0,9995510,1338478,12,471,23,6,0,0,189022
954,1,4,5,3,10,10,2,10,23,1116,0,2060961,1292544,13,645,43,3,1,0,9459
250,0,5,4,3,5,9,4,11,23,1117,1,6463767,3091617,28,813,51,7,1,1,248000
653,0,3,5,3,10,8,3,21,22,1118,0,1490956,829529,22,654,61,5,0,0,50589
684,0,4,1,3,1,10,4,10,30,1119,1,3126438,3396949,13,740,59,7,1,1,248000
242,0,2,4,2,3,8,2,15,25,1120,0,6306186,3970849,18,403,53,2,0,1,6291
727,1,2,3,3,7,2,3,27,55,1121,1,3662982,1666052,40,382,56,7,1,0,248000
544,1,4,2,3,10,7,3,12,26,1122,1,9719174,1755866,32,853,58,1,0,1,4068
584,0,1,3,3,7,9,2,22,16,1123,0,387531,2868140,30,610,64,7,0,0,248000
953,0,2,4,2,4,1,2,17,30,1124,0,6888917,1944616,2,696,49,3,0,1,9459
399,1,1,4,2,4,5,2,10,23,1125,0,4761086,560146,38,507,41,6,1,1,189022
219,1,1,1,3,3,4,4,9,68,1126,1,1095603,347628,1,581,47,7,0,1,248000
448,0,3,1,3,1,9,4,8,53,1127,1,7710082,3415928,24,551,47,3,1,1,9459
154,1,1,3,3,3,7,1,30,34,1128,0,5593843,461475,14,542,37,2,0,0,6291
297,1,2,3,3,6,10,3,6,23,1129,1,3841096,1371498,9,353,51,7,0,1,248000
936,0,4,5,3,7,10,3,3,18,1130,0,4964715,1437159,21,770,64,5,0,0,50589
436,1,4,3,3,2,10,5,12,55,1131,1,3082561,2807700,19,647,42,4,1,0,21825
526,1,1,1,3,3,7,3,27,54,1132,0,7485355,446524,17,377,25,7,0,1,248000
686,1,1,2,3,3,5,1,23,55,1133,0,570063,3671054,14,762,65,1,0,0,4068
923,0,3,4,3,7,5,1,4,54,1134,0,7639756,2566339,9,673,52,2,0,1,6291
502,0,1,2,2,3,8,2,4,34,1135,0,3143928,335025,7,496,24,1,0,1,4068
301,0,1,4,3,3,1,3,17,53,1136,0,127449,3643511,28,346,44,5,0,1,50589
663,1,1,5,3,1,3,1,6,15,1137,1,432781,932893,38,776,40,5,0,1,50589
833,1,3,1,2,9,8,2,6,11,1138,1,6486366,2746965,36,570,48,3,0,1,9459
202,0,3,2,3,8,5,1,4,33,1139,1,9308524,874645,27,556,37,2,1,0,6291
264,0,4,3,3,6,4,3,23,36,1140,1,2319701,1583501,31,734,45,3,0,0,9459
373,1,4,3,3,8,1,3,4,56,1141,1,7531236,3117543,13,785,38,3,0,1,9459
700,0,2,3,3,2,4,2,20,14,1142,0,7755038,3573210,17,482,41,7,1,0,248000
850,1,2,2,3,9,1,3,14,42,1143,0,7951877,2615695,24,478,34,1,1,1,4068
213,0,1,2,2,8,6,2,7,45,1144,0,3207439,390791,9,544,47,6,0,1,189022
349,1,3,2,3,9,10,3,23,25,1145,1,5434431,1282878,17,852,28,7,0,0,248000
818,0,2,3,3,7,2,5,29,71,1146,0,5104805,3615347,19,485,29,2,1,0,6291
362,1,4,2,3,5,3,2,21,30,1147,1,5142257,1251530,11,829,64,2,1,0,6291
601,1,3,5,3,6,2,5,23,44,1148,0,6514911,3450770,16,566,35,5,1,0,50589
109,0,3,2,3,7,4,3,18,26,1149,1,8647136,1561121,39,599,35,4,1,0,21825
609,1,1,1,3,4,5,4,5,13,1150,0,770672,1005106,25,525,60,7,0,0,248000
150,0,3,4,3,3,3,3,11,15,1151,1,8384848,1694126,37,521,41,2,0,1,6291
214,1,1,1,3,4,10,4,8,30,1152,0,7623072,363483,1,690,32,3,1,1,9459
963,1,1,2,3,7,4,3,30,25,1153,0,7715006,2951225,4,305,31,7,1,0,248000
763,1,2,3,3,9,10,2,13,48,1154,0,6791690,2817368,27,496,63,7,0,1,248000
799,1,3,3,3,10,2,1,28,70,1155,0,2783168,1270936,21,750,31,2,0,0,6291
675,1,1,4,2,5,2,2,17,40,1156,0,1888730,3853864,34,724,23,4,0,0,21825
207,1,3,4,4,9,7,4,28,56,1157,0,1327207,1191570,25,788,55,1,1,0,4068
561,1,1,2,3,7,5,3,27,36,1158,0,8591891,605186,19,515,35,6,0,1,189022
353,1,4,4,3,2,9,3,2,33,1159,1,4555269,2447290,10,678,43,5,1,0,50589
446,0,1,2,3,8,4,3,20,37,1160,0,377764,1783275,9,853,38,5,0,1,50589
641,1,1,4,3,5,2,1,7,36,1161,0,5221075,532587,8,420,46,6,1,1,189022
403,1,1,5,3,4,1,1,8,70,1162,0,704100,3091844,29,506,40,2,0,0,6291
990,0,1,4,2,7,2,2,16,29,1163,0,319365,3728222,20,863,46,7,0,0,248000
963,1,3,3,2,7,8,2,13,30,1164,0,9532892,1663121,23,836,32,1,0,0,4068
929,1,1,2,3,5,1,4,7,12,1165,1,2425420,1631148,4,331,57,2,0,1,6291
283,1,3,2,3,5,9,1,12,62,1166,0,1119514,3566513,15,780,55,5,1,1,50589
387,1,1,5,3,7,5,5,25,20,1167,0,5236593,2779327,3,388,64,1,0,1,4068
356,1,3,2,3,2,10,2,9,20,1168,1,7118035,3695530,24,780,29,2,1,0,6291
635,1,1,3,3,6,8,5,25,28,1169,0,845836,3746576,25,766,50,5,1,1,50589
951,0,2,3,3,8,10,2,26,21,1170,0,2867302,3270186,21,450,58,2,0,1,6291
899,1,4,2,3,9,2,5,19,34,1171,1,9018631,2359403,36,782,42,6,0,1,189022
140,1,1,4,3,8,10,5,18,13,1172,1,558388,2238978,33,808,61,6,0,0,189022
723,1,1,4,4,6,9,2,26,54,1173,0,7289552,3360426,35,378,24,3,0,0,9459
176,0,4,2,3,9,9,1,30,43,1174,0,3052061,3547564,29,819,56,4,1,0,21825
757,1,1,2,3,4,2,2,20,33,1175,0,2653312,335569,38,823,60,3,0,0,9459
611,1,4,4,3,5,5,1,25,55,1176,0,2011983,2142471,37,614,56,7,0,1,248000
173,0,4,3,3,8,2,3,23,8,1177,0,2111434,3833168,19,850,56,1,0,1,4068
709,1,1,5,3,4,2,3,20,29,1178,0,6226371,1178090,36,469,26,3,0,1,9459
507,1,2,4,3,5,6,3,13,15,1179,0,4416784,1406690,40,334,45,5,0,0,50589
782,1,3,3,3,5,1,3,26,10,1180,0,7692272,2750809,36,509,60,6,0,1,189022
455,0,2,1,3,8,5,4,27,12,1181,1,8511049,2429995,2,726,56,5,1,0,50589
185,1,1,2,4,8,9,4,28,64,1182,0,112884,3185550,30,370,26,6,0,1,189022
182,1,2,3,2,4,8,2,8,42,1183,1,7871333,2125268,21,431,36,6,0,1,189022
521,1,2,4,3,4,5,5,16,62,1184,0,3849144,1459081,38,391,57,6,1,1,189022
732,1,3,4,3,9,10,4,17,30,1185,0,4206014,3449818,36,513,38,6,1,1,189022
872,0,1,3,3,3,6,4,28,29,1186,0,430768,1347643,35,407,56,6,1,1,189022
579,0,1,1,3,1,1,5,25,10,1187,1,1974261,336483,28,681,53,2,0,1,6291
254,1,3,1,3,1,3,4,7,60,1188,0,1296009,1793264,15,855,64,3,0,0,9459
927,1,1,1,3,2,3,5,3,31,1189,1,527678,2281759,31,407,51,1,0,0,4068
423,1,3,1,3,2,2,4,23,53,1190,0,1417423,1232672,28,773,32,4,1,0,21825
522,0,3,2,3,1,10,3,15,69,1191,0,8592230,1454829,5,799,34,7,0,1,248000
120,1,3,5,3,2,2,5,22,26,1192,1,1284641,3515142,5,755,48,3,0,0,9459
779,0,2,2,3,8,9,3,29,35,1193,0,4726788,2335972,7,393,32,1,1,1,4068
521,1,1,4,2,9,4,2,4,17,1194,0,7061860,511459,4,301,55,3,0,1,9459
584,0,1,2,3,1,10,5,4,31,1195,1,398782,2127731,40,323,44,3,1,0,9459
737,1,3,2,3,8,4,5,13,38,1196,0,5830551,878129,37,515,59,2,1,1,6291
102,1,3,1,3,5,7,1,29,17,1197,0,4208603,2334832,28,644,34,6,1,0,189022
279,1,4,2,3,7,10,4,4,28,1198,0,2347645,1678686,14,645,58,7,1,1,248000
598,0,1,2,3,3,9,5,24,25,1199,1,9821078,364327,1,625,25,5,0,1,50589
979,0,2,5,3,6,5,1,29,52,1200,0,8372194,3880568,11,380,55,6,1,1,189022
656,0,3,1,3,6,5,1,29,25,1201,0,5021982,1111158,30,651,51,4,0,1,21825
655,1,3,4,3,10,6,1,3,49,1202,1,3678070,3990044,15,540,59,4,1,0,21825
678,1,2,5,3,3,9,3,21,17,1203,0,5684944,3619003,1,798,33,7,0,1,248000
649,0,2,5,3,5,5,1,11,31,1204,0,2455215,3171938,1,653,58,7,1,0,248000
464,1,4,1,3,5,8,5,24,34,1205,0,2493039,1877864,33,754,52,3,0,1,9459
693,0,2,3,3,2,9,2,25,27,1206,0,5880562,3827752,12,352,64,2,0,1,6291
636,0,4,2,3,6,3,4,26,64,1207,0,8614539,1379001,30,876,46,3,1,0,9459
348,1,2,4,3,10,5,3,5,16,1208,1,8720334,994566,6,370,60,7,0,1,248000
415,0,3,1,3,5,2,1,3,54,1209,0,6449255,3906068,6,631,52,3,0,0,9459
441,0,3,2,3,2,6,1,26,10,1210,0,3382174,3543745,31,545,56,1,0,1,4068
451,0,2,1,3,10,6,3,29,13,1211,0,6963418,3628344,19,401,58,2,1,1,6291
736,0,3,5,3,6,2,3,21,22,1212,0,5091746,1032053,17,803,65,7,0,0,248000
421,0,1,1,3,4,9,5,14,41,1213,0,303057,2526692,18,837,39,1,0,1,4068
940,1,4,3,3,9,9,5,9,59,1214,1,3117859,1854635,12,735,43,3,0,1,9459
375,1,2,1,5,4,9,2,28,51,1215,0,1643719,3477125,10,312,56,4,0,1,21825
610,0,1,5,3,5,1,5,7,11,1216,0,6935533,658151,10,485,26,3,0,1,9459
510,1,3,3,3,6,1,5,22,60,1217,1,1165861,3793526,27,881,54,4,0,1,21825
164,1,2,5,3,3,6,3,8,12,1218,0,8105156,2720348,13,313,59,1,1,0,4068
967,1,2,2,3,6,4,3,29,34,1219,0,8235923,3864842,1,662,31,3,0,0,9459
516,1,3,3,3,2,10,4,30,38,1220,0,2832363,3763355,40,595,47,3,0,1,9459
520,1,3,4,3,4,6,3,6,44,1221,0,5592032,1162943,29,556,48,1,1,1,4068
298,1,4,3,3,7,5,3,21,54,1222,1,6401349,2905366,14,708,48,4,0,1,21825
318,1,1,3,3,7,2,5,7,15,1223,0,834429,2091945,24,516,60,7,1,1,248000
496,1,3,2,3,10,2,5,17,36,1224,0,2919709,840531,28,708,33,6,1,0,189022
150,1,2,4,3,4,3,3,9,22,1225,0,5000197,3525011,26,394,55,1,0,1,4068
441,1,1,4,3,3,10,3,17,65,1226,0,3119184,1965618,21,666,26,3,1,0,9459
202,0,4,5,3,5,4,4,4,39,1227,1,7727736,3212023,13,794,44,2,1,0,6291
379,0,2,5,3,6,6,1,15,48,1228,0,2904104,3133491,25,386,63,3,1,1,9459
441,1,1,3,3,4,3,3,26,29,1229,0,4735766,584441,6,815,36,1,0,1,4068
616,0,3,1,3,4,4,2,23,39,1230,0,3835038,3533593,35,506,55,3,1,0,9459
877,0,3,2,3,3,2,4,25,14,1231,0,1151635,2977957,13,765,65,4,1,0,21825
295,1,1,3,1,9,10,1,17,36,1232,0,647044,2649401,16,644,28,6,1,1,189022
826,0,1,2,3,3,8,5,13,36,1233,1,199444,2577677,22,388,44,4,0,1,21825
602,0,2,5,3,6,10,3,21,25,1234,0,3258619,1724751,37,399,63,7,1,1,248000
163,1,3,2,3,2,4,2,27,47,1235,0,9687484,1968696,13,542,36,3,1,0,9459
843,0,3,2,3,5,5,5,18,24,1236,1,6693733,1964947,35,504,50,7,1,1,248000
451,0,3,2,3,5,1,3,13,66,1237,0,9088378,1612059,6,640,57,6,0,1,189022
646,1,1,4,3,4,2,1,4,9,1238,0,7569117,1694604,21,307,23,2,1,0,6291
157,0,2,5,3,2,9,3,26,61,1239,0,2772648,2826840,32,386,62,7,1,1,248000
671,1,3,5,3,2,2,3,23,63,1240,0,3386163,3300949,35,507,40,7,0,0,248000
942,1,2,2,2,1,8,2,19,64,1241,0,5161578,1937291,24,332,55,1,0,1,4068
745,1,2,3,3,5,6,4,24,44,1242,1,6119006,3303001,20,333,55,1,0,1,4068
584,0,1,1,3,5,3,5,26,39,1243,0,1896801,391934,22,633,34,2,0,0,6291
993,1,3,4,3,9,5,5,3,26,1244,0,1182206,1878638,7,815,65,1,1,1,4068
804,1,3,2,3,2,10,3,21,38,1245,0,1499480,2220327,5,723,29,7,0,0,248000
613,1,1,3,2,10,2,2,9,22,1246,0,660775,2022045,10,548,41,5,0,1,50589
611,0,4,3,3,2,9,4,13,40,1247,1,3790621,3610081,25,746,56,6,0,1,189022
421,1,1,3,3,4,4,3,2,19,1248,1,793212,3482070,33,362,28,6,1,1,189022
760,0,3,5,3,8,2,5,20,23,1249,1,2458817,1428879,11,583,40,7,1,1,248000
926,1,3,4,3,9,2,3,30,15,1250,0,4683671,3912028,27,665,33,6,0,1,189022
168,1,3,5,3,1,1,1,18,70,1251,0,6798848,3300685,28,530,35,1,1,1,4068
705,1,1,2,3,2,3,4,7,41,1252,0,959039,2375766,17,731,64,2,0,0,6291
505,1,1,2,3,6,2,3,22,26,1253,0,193798,323723,35,636,40,7,1,1,248000
115,0,1,2,3,8,1,2,29,50,1254,0,664143,2743738,23,540,54,5,1,0,50589
753,1,1,5,3,3,10,5,12,35,1255,0,9346277,3027748,29,414,26,2,1,1,6291
821,0,4,1,3,2,7,1,23,32,1256,0,2367505,1628330,29,811,63,1,1,1,4068
513,1,3,3,2,10,6,2,8,37,1257,1,7422995,1240117,15,501,57,1,1,0,4068
259,0,1,3,3,2,7,5,25,38,1258,1,651158,2818695,38,748,65,5,0,1,50589
169,1,3,1,1,7,10,1,18,42,1259,0,3941869,922698,26,801,53,4,0,0,21825
388,0,2,3,3,10,7,5,9,34,1260,1,6674443,2863563,6,380,29,7,0,1,248000
541,1,1,2,3,7,6,4,25,31,1261,0,5976715,1329726,3,809,23,2,1,0,6291
508,0,1,5,3,3,9,3,22,32,1262,0,2202288,954806,36,307,27,7,1,0,248000
189,0,1,1,3,5,2,5,10,14,1263,1,7497031,1025248,12,707,27,3,0,0,9459
360,1,1,1,5,6,8,1,26,51,1264,0,9693551,539185,14,541,23,6,0,1,189022
207,1,3,3,3,4,7,4,12,60,1265,1,5130724,1138842,36,596,58,2,0,0,6291
891,1,5,4,3,9,4,3,22,53,1266,0,5939154,2871051,32,850,45,5,1,1,50589
989,0,1,4,3,7,7,4,5,26,1267,0,6217237,698262,31,849,53,2,0,0,6291
514,1,3,4,3,3,5,2,29,11,1268,1,2641534,3935581,6,752,62,4,1,1,21825
964,0,3,1,3,10,7,2,5,71,1269,0,5838218,2094479,30,526,52,2,1,1,6291
126,0,1,1,3,8,7,3,3,66,1270,1,6791557,374518,28,550,45,2,0,1,6291
190,1,2,2,4,3,8,2,27,71,1271,0,2278822,3231487,2,605,46,2,0,0,6291
433,0,1,1,3,9,1,3,8,47,1272,0,1463334,378196,27,842,49,3,0,1,9459
138,1,3,2,2,4,4,2,4,13,1273,1,4885057,1724418,29,775,34,6,1,0,189022
731,0,1,3,3,8,3,2,30,55,1274,0,1751739,3177410,40,627,25,4,1,0,21825
840,0,4,1,2,9,4,2,6,30,1275,1,7309092,2851594,40,721,44,5,1,0,50589
125,0,3,4,3,1,8,3,24,59,1276,0,8649733,1679652,34,550,35,6,0,0,189022
551,0,4,1,3,9,4,5,11,57,1277,1,4618289,1778522,33,609,39,4,0,0,21825
150,1,1,5,3,10,4,5,16,20,1278,1,2477903,3954462,5,325,25,2,1,1,6291
470,0,1,1,3,5,4,2,27,40,1279,0,964052,2761476,1,723,50,5,0,0,50589
326,1,3,4,3,9,8,5,27,40,1280,0,8884722,3539763,12,558,35,4,1,1,21825
545,1,3,3,3,3,4,4,4,43,1281,0,6875255,1047692,36,788,64,4,0,1,21825
344,0,3,5,3,2,9,2,7,68,1282,0,8115460,1095345,5,509,58,3,0,0,9459
199,1,1,5,3,2,7,4,10,70,1283,0,2372657,3783888,27,303,23,3,0,1,9459
710,1,1,2,5,10,7,5,26,52,1284,0,198146,2740559,16,326,36,4,0,1,21825
389,1,1,5,3,4,3,3,23,59,1285,0,2562003,718054,29,737,60,6,0,1,189022
679,1,2,3,3,1,4,1,18,64,1286,0,7945611,1679760,17,411,41,5,1,0,50589
124,1,2,3,3,5,5,3,22,16,1287,1,9968141,2525545,7,491,58,2,1,0,6291
360,1,1,3,3,8,7,3,15,57,1288,0,7193188,553468,32,555,33,2,0,1,6291
885,1,2,1,3,10,6,5,26,56,1289,0,2605265,1467437,3,669,42,3,1,0,9459
892,0,1,1,3,8,6,3,4,63,1290,0,630042,3639960,18,778,50,2,1,1,6291
244,1,2,4,3,8,3,5,27,30,1291,1,7470895,1219945,2,741,32,5,0,1,50589
961,1,2,4,3,1,2,1,14,70,1292,0,5353186,1447349,33,365,61,1,0,1,4068
258,1,1,3,3,10,9,5,7,65,1293,1,6303381,359202,34,627,35,3,1,0,9459
185,0,4,2,3,1,6,4,2,42,1294,1,3893268,2903529,39,881,61,7,0,0,248000
114,1,3,1,3,1,3,5,11,63,1295,1,5984042,2525262,5,724,61,2,0,1,6291
654,1,2,1,3,2,5,4,6,49,1296,1,1267706,1978328,31,334,28,4,1,0,21825
465,0,3,4,3,1,5,3,5,72,1297,0,4238053,2136196,5,513,45,1,1,0,4068
268,1,2,4,3,4,10,3,25,51,1298,0,5605465,1455356,16,388,35,5,1,1,50589
551,1,1,4,3,3,2,4,12,19,1299,0,5362261,1364000,22,516,25,5,0,0,50589
884,1,1,5,3,5,10,3,28,16,1300,0,3188036,1824682,39,665,23,6,0,1,189022
984,1,4,2,2,7,5,2,4,31,1301,1,8981858,1984348,11,816,47,3,1,0,9459
372,1,2,1,1,4,7,1,20,64,1302,0,5433442,1118411,17,364,65,1,1,1,4068
311,0,2,1,3,8,3,5,12,64,1303,1,6312161,1931746,3,720,52,6,0,1,189022
151,1,3,5,3,6,4,1,18,63,1304,0,1618451,892293,33,872,51,6,1,1,189022
713,0,1,4,3,9,4,3,18,16,1305,0,9074672,389031,40,483,55,6,0,0,189022
635,0,1,3,3,8,10,1,29,29,1306,1,4707425,1716279,24,768,27,2,1,1,6291
371,1,2,2,3,10,5,2,30,51,1307,0,7668141,992177,2,762,31,3,0,1,9459
373,0,2,1,3,1,10,2,26,17,1308,0,4813529,2980323,37,322,41,1,0,0,4068
780,0,2,3,3,1,8,5,24,41,1309,0,5597144,2282575,26,383,51,5,1,0,50589
932,1,3,1,3,2,6,3,20,53,1310,0,3217431,1678035,9,617,30,4,0,0,21825
499,0,2,5,3,2,3,3,7,59,1311,0,5330682,1156658,28,467,31,5,0,1,50589
411,1,1,3,2,10,1,2,3,37,1312,0,1838621,3663634,1,330,39,4,0,0,21825
755,1,3,2,3,10,1,4,25,50,1313,0,3685125,875421,36,640,45,3,1,1,9459
442,1,1,5,3,3,4,1,11,45,1314,0,477255,2596298,27,704,65,6,1,1,189022
276,0,4,4,2,7,8,2,16,28,1315,0,7017359,2852786,23,742,38,1,1,1,4068
621,0,4,4,1,2,10,1,22,57,1316,0,8557518,3523580,32,881,43,3,1,1,9459
166,1,2,1,3,8,4,5,13,46,1317,1,9920035,1776387,2,758,44,3,1,0,9459
152,0,4,2,3,5,2,2,29,49,1318,0,9146676,1864981,30,644,46,2,1,1,6291
836,0,2,1,3,10,4,5,18,40,1319,1,7534582,1393402,4,503,56,5,1,1,50589
198,1,1,4,3,8,7,4,5,55,1320,1,3040742,500049,4,552,25,5,1,0,50589
739,1,4,5,3,2,8,4,7,35,1321,1,8010617,2533703,35,626,49,4,0,0,21825
592,0,3,1,3,4,5,3,29,70,1322,0,5266483,961034,37,736,34,6,1,1,189022
827,0,5,4,3,7,3,5,24,48,1323,1,8239857,2851598,21,825,47,1,0,1,4068
531,1,3,4,2,5,1,2,12,28,1324,0,5560843,2753701,6,521,38,7,1,1,248000
749,0,1,4,3,4,3,1,7,14,1325,0,3285571,683516,25,309,48,3,0,1,9459
831,1,3,5,3,4,2,1,7,49,1326,0,7890938,2880607,20,866,28,4,0,0,21825
787,0,4,3,3,3,1,5,3,14,1327,1,3017336,2978955,38,784,45,7,1,1,248000
754,1,1,2,3,5,10,2,18,39,1328,0,4990197,2057246,4,484,57,7,0,0,248000
884,0,1,3,3,7,7,3,25,53,1329,0,7714390,397098,20,605,52,2,0,1,6291
333,1,3,4,3,1,4,4,21,44,1330,0,9194809,2965674,24,576,35,2,1,0,6291
284,0,4,4,3,6,4,4,5,33,1331,0,2666973,3370601,31,721,43,2,0,0,6291
608,0,1,2,3,8,7,3,19,37,1332,0,971494,776379,31,767,56,5,0,1,50589
456,0,3,2,2,10,7,2,6,54,1333,0,9197266,2205379,26,682,34,2,1,0,6291
522,0,3,2,3,6,6,1,10,65,1334,0,4965740,1330987,8,879,53,7,0,1,248000
743,1,3,3,3,9,4,1,23,71,1335,0,3848485,2940736,13,593,34,6,1,1,189022
494,1,3,1,1,4,10,1,13,41,1336,0,6553501,820358,5,768,29,1,1,0,4068
248,0,2,2,3,2,5,2,26,45,1337,0,8845963,1731583,28,389,54,3,1,1,9459
301,0,1,2,3,5,1,2,24,9,1338,0,87228,1426131,13,469,57,2,0,0,6291
219,0,4,4,3,2,10,5,15,31,1339,0,3547899,1438582,11,803,64,3,1,0,9459
241,1,1,3,5,6,9,5,25,57,1340,0,9967847,762206,11,322,44,4,1,0,21825
836,1,3,2,3,2,1,3,15,20,1341,0,8515391,3541819,7,785,33,5,0,0,50589
334,0,3,2,3,10,2,3,16,9,1342,1,1882939,3418905,8,622,50,6,1,0,189022
522,1,2,3,3,8,5,1,23,16,1343,0,4755713,1732597,1,869,40,2,1,0,6291
739,0,5,2,5,9,10,2,18,54,1344,0,4550674,2589377,35,794,61,7,1,0,248000
510,1,1,5,3,7,1,5,22,44,1345,0,157493,697117,33,543,29,1,0,0,4068
429,1,1,5,1,9,10,1,5,56,1346,0,9268636,725452,24,529,34,2,0,1,6291
484,0,1,1,3,8,5,5,15,64,1347,1,4482904,2499337,1,358,52,6,0,1,189022
852,1,1,4,3,10,5,2,26,49,1348,0,765641,3542355,8,420,36,2,1,0,6291
805,0,1,1,3,7,3,2,13,72,1349,0,1700872,386891,31,456,42,7,0,1,248000
331,0,3,4,3,5,9,3,7,53,1350,1,8624210,3112259,19,527,30,4,1,0,21825
927,1,3,4,3,9,3,2,24,53,1351,0,5071452,2789513,33,589,39,1,0,1,4068
724,0,2,2,3,10,2,2,23,23,1352,0,3903989,3013850,3,758,29,2,1,1,6291
457,0,3,5,3,3,6,1,23,47,1353,0,3993651,1618551,39,531,63,1,1,1,4068
388,0,4,1,2,10,8,2,13,10,1354,0,7742417,3338461,13,756,38,6,0,1,189022
736,1,1,1,3,8,6,4,12,50,1355,0,502327,1285832,1,765,25,5,0,0,50589
849,0,3,2,3,3,5,1,30,19,1356,0,1066127,2108180,9,517,33,1,0,1,4068
110,0,1,2,3,2,7,3,17,68,1357,0,4467946,505946,4,585,64,4,1,0,21825
559,0,2,4,3,5,6,1,18,65,1358,0,6955608,3957544,14,467,65,1,0,0,4068
115,0,3,1,3,7,4,1,15,50,1359,0,6224213,1032713,27,725,63,1,1,0,4068
979,0,2,2,3,10,9,2,2,53,1360,0,1099164,3170509,4,589,52,6,1,1,189022
848,1,2,2,1,5,10,1,9,25,1361,0,6989754,2987791,39,420,33,5,1,1,50589
829,1,3,5,3,8,8,5,13,55,1362,1,5062350,1260143,7,552,33,6,1,1,189022
486,0,3,3,3,6,1,4,9,61,1363,0,8111087,1148932,7,822,54,6,1,1,189022
688,1,4,5,3,2,6,5,10,15,1364,0,8428481,3779489,21,888,40,5,0,0,50589
137,1,1,2,3,9,9,3,4,34,1365,1,117708,1842750,3,859,58,7,0,1,248000
783,0,1,2,3,7,7,4,16,30,1366,1,5713803,637893,22,686,59,7,0,0,248000
324,0,1,5,3,7,7,2,12,71,1367,0,609133,1890058,19,609,59,3,0,0,9459
461,0,4,4,4,5,10,4,19,62,1368,1,6393378,1766110,17,625,40,1,1,1,4068
482,1,1,1,3,1,6,2,25,15,1369,0,6762497,398816,34,703,44,2,0,1,6291
132,0,3,3,3,4,8,1,8,62,1370,0,5506174,2560947,6,684,50,5,0,0,50589
965,0,1,5,3,2,10,2,2,16,1371,0,4646273,548710,30,701,48,5,0,0,50589
476,1,3,3,3,7,2,3,17,57,1372,0,7496336,2401981,16,771,31,7,0,1,248000
596,0,2,4,3,10,1,5,2,19,1373,1,6046369,3874851,26,358,56,7,1,0,248000
207,1,1,1,3,1,1,4,24,58,1374,0,591009,2991359,25,696,32,4,0,1,21825
616,1,3,5,3,8,3,5,23,34,1375,0,7083308,2399997,37,721,34,6,0,0,189022
814,1,1,4,3,5,6,5,14,21,1376,1,1359462,2948003,1,418,51,1,0,0,4068
170,0,4,4,5,10,9,5,23,52,1377,1,5651690,2559226,14,708,39,7,0,1,248000
978,0,1,4,3,2,1,5,13,20,1378,0,8895187,1893341,13,480,25,1,0,0,4068
701,1,3,2,3,4,7,1,30,27,1379,0,4127172,2390246,7,691,31,1,0,0,4068
465,1,1,1,3,1,4,3,12,42,1380,0,1330719,1238217,4,323,56,4,0,0,21825
113,1,1,3,3,7,8,3,25,26,1381,0,908054,1262021,33,369,37,2,1,0,6291
316,0,3,2,3,6,6,2,15,68,1382,0,4428992,3728619,36,563,63,2,0,1,6291
500,0,1,4,2,3,1,2,2,39,1383,0,8590223,2531633,14,411,24,2,0,0,6291
487,1,2,2,3,8,4,2,15,59,1384,0,3269555,1359639,12,497,54,3,1,1,9459
796,1,1,4,3,2,8,3,18,16,1385,0,3886218,665437,18,581,45,4,1,1,21825
237,0,1,1,3,8,5,3,30,40,1386,0,9232105,702731,5,845,23,4,0,1,21825
215,1,3,2,3,7,7,3,23,14,1387,1,1107806,3353891,24,768,35,6,1,0,189022
987,1,1,4,3,9,9,2,14,41,1388,0,3817283,574964,11,876,63,3,0,0,9459
930,1,1,2,3,9,3,1,7,8,1389,0,6720960,1131963,39,461,23,6,0,1,189022
601,0,1,4,3,5,2,5,19,11,1390,1,1170689,562655,39,383,51,1,1,1,4068
153,1,5,3,3,4,3,3,7,71,1391,0,8287200,3426748,37,757,54,6,0,1,189022
667,0,3,4,3,3,9,3,3,49,1392,0,1911931,2532590,30,558,51,2,0,1,6291
562,1,1,4,3,8,4,4,16,61,1393,0,5308882,326704,26,828,42,5,1,1,50589
572,0,2,2,3,4,7,3,7,55,1394,0,4938553,2463135,36,426,55,2,1,1,6291
258,0,1,1,3,7,2,5,11,66,1395,0,6718998,468309,8,387,65,6,1,1,189022
473,0,1,2,2,5,8,2,25,52,1396,0,5363599,3281931,1,325,27,4,0,0,21825
112,0,1,2,3,2,10,4,22,9,1397,0,6874780,3379323,1,422,40,3,1,0,9459
931,1,2,4,3,6,4,5,29,19,1398,0,7172440,3879238,9,340,52,6,0,1,189022
983,0,2,1,3,3,1,1,25,21,1399,0,3623353,869047,4,616,61,3,0,0,9459
508,1,1,2,3,2,6,5,30,20,1400,0,787386,2694647,7,637,49,4,1,0,21825
445,1,5,1,3,4,10,3,4,25,1401,0,6021464,2107650,38,806,48,6,0,0,189022
742,0,1,2,3,6,9,2,2,67,1402,0,700492,2105600,8,553,41,6,1,0,189022
228,0,4,5,5,7,8,5,21,49,1403,1,6914445,3972897,14,797,43,4,0,0,21825
233,0,4,2,3,9,6,4,10,60,1404,1,8605714,3442934,19,725,64,3,1,0,9459
821,0,3,1,3,4,7,5,29,43,1405,1,7928014,2334453,18,722,30,7,1,0,248000
564,1,2,2,3,8,9,4,13,34,1406,0,4347982,2196889,4,504,57,4,0,1,21825
711,1,2,1,3,10,4,4,4,63,1407,1,6401847,1793572,9,498,51,7,1,0,248000
992,0,1,4,3,5,10,5,15,70,1408,0,5154220,652045,4,667,55,2,1,1,6291
774,1,1,4,3,7,7,4,16,61,1409,0,787675,2103240,12,580,61,3,1,1,9459
474,1,3,5,3,5,1,2,28,50,1410,0,6656172,820103,11,589,35,6,0,0,189022
674,0,4,3,3,8,10,3,20,21,1411,1,7690127,3335928,16,762,47,3,0,0,9459
627,1,2,3,3,8,6,1,18,16,1412,0,5431421,1129782,28,497,30,5,1,0,50589
579,0,1,1,3,2,2,5,28,34,1413,1,7229515,314609,39,309,32,7,1,1,248000
700,1,2,1,3,10,10,4,5,55,1414,1,8510078,1606074,36,337,62,2,0,1,6291
346,0,3,4,3,2,4,3,2,65,1415,0,7558685,1188456,19,658,56,6,0,1,189022
378,1,2,3,3,6,1,4,9,38,1416,1,3575519,3407589,36,383,53,2,0,0,6291
202,1,4,2,3,6,4,3,5,62,1417,0,5679342,2913498,22,678,58,1,0,0,4068
129,1,4,5,3,2,3,5,25,64,1418,0,8170140,3064370,29,734,57,5,1,0,50589
440,1,1,1,3,9,2,4,3,57,1419,1,2662577,486122,34,821,62,4,0,0,21825
168,1,1,1,3,3,2,1,23,27,1420,0,7009977,3415582,26,725,25,3,0,1,9459
287,1,2,1,3,8,2,1,23,30,1421,0,8606889,2038269,11,326,52,5,0,0,50589
517,1,2,3,3,9,8,5,25,27,1422,0,2186842,2692203,2,675,62,1,0,0,4068
692,1,2,4,4,2,9,4,18,55,1423,0,3866480,1948798,22,362,45,1,0,0,4068
706,0,2,2,3,8,5,5,5,58,1424,1,4838447,1914151,26,460,58,2,0,0,6291
173,1,1,1,3,1,3,3,5,51,1425,0,7683520,1909274,11,585,23,3,1,1,9459
901,1,1,2,3,8,4,5,8,26,1426,1,3635564,509886,14,332,49,1,0,0,4068
835,0,1,2,3,9,9,1,2,60,1427,1,1420054,3804170,3,750,27,4,0,0,21825
452,1,1,5,3,6,8,2,19,13,1428,0,2162895,455605,19,706,32,2,0,0,6291
817,1,2,4,3,3,2,4,25,34,1429,0,1429706,3075367,21,475,29,5,0,0,50589
669,1,2,4,3,6,10,2,8,23,1430,0,4903718,2094713,8,340,52,7,1,0,248000
465,0,1,2,3,1,9,1,10,39,1431,0,263286,1643980,22,539,28,7,1,0,248000
394,1,1,4,3,1,7,2,28,19,1432,0,3708834,1333014,38,708,24,6,0,1,189022
682,1,4,1,3,2,10,3,9,10,1433,0,7068149,3696726,20,674,45,3,0,1,9459
338,0,3,5,5,1,9,2,28,63,1434,0,1434912,1889587,27,814,49,2,0,1,6291
949,1,2,4,3,6,1,5,20,50,1435,0,3736106,986105,7,495,52,5,1,0,50589
675,0,1,1,3,10,4,1,14,20,1436,0,652716,1539213,1,845,28,6,0,1,189022
474,0,3,2,3,8,2,4,8,30,1437,1,3685091,2300249,9,592,39,7,0,1,248000
398,0,2,5,3,10,2,1,3,63,1438,0,4166521,808394,22,428,49,1,0,1,4068
125,0,2,3,3,2,2,5,10,60,1439,1,4977639,3190883,38,350,49,7,0,1,248000
419,1,2,4,3,4,3,1,6,10,1440,0,6113307,2266964,4,594,37,1,0,1,4068
827,1,3,5,3,9,3,2,27,33,1441,0,2965936,2699188,29,568,47,6,1,1,189022
190,0,3,5,3,4,5,2,7,67,1442,0,9309695,1876945,37,571,31,2,1,1,6291
370,1,1,5,3,2,3,3,29,14,1443,0,7859652,646361,40,326,42,1,1,1,4068
395,1,2,1,3,5,10,5,26,21,1444,1,9985425,2137605,2,638,52,2,0,0,6291
402,0,3,5,5,5,10,5,20,54,1445,1,2069379,3443841,6,546,34,4,1,1,21825
573,1,4,4,3,1,10,4,27,9,1446,1,7416407,3665308,28,687,44,7,1,0,248000
391,1,1,4,4,7,8,4,29,63,1447,1,1532317,2441913,32,870,25,1,1,1,4068
764,1,2,2,3,5,5,4,3,59,1448,0,7001374,876444,10,371,49,3,0,1,9459
532,0,1,5,3,8,1,5,21,72,1449,0,5113437,986245,8,357,27,1,1,0,4068
148,1,4,4,3,6,8,3,3,51,1450,1,7886268,3985972,36,668,45,3,0,0,9459
721,0,1,5,3,6,8,4,28,44,1451,0,8508211,356314,6,772,41,6,1,1,189022
628,0,3,4,3,4,5,2,16,67,1452,0,1790324,3171650,29,810,61,7,1,1,248000
669,1,1,1,3,5,2,4,14,50,1453,0,7856841,986352,22,360,24,2,0,0,6291
140,1,1,2,3,4,7,4,5,51,1454,1,5730368,2267592,12,822,27,3,0,0,9459
565,1,2,5,3,10,9,5,26,42,1455,0,4075632,1470599,4,863,62,1,1,1,4068
910,1,3,3,3,1,1,1,10,42,1456,0,7043443,2830849,19,556,42,7,1,0,248000
716,0,2,1,3,6,5,1,25,8,1457,0,8897173,914241,36,370,50,7,0,0,248000
622,1,2,1,3,6,6,2,11,71,1458,1,7581406,2190505,18,325,30,5,0,0,50589
930,0,1,2,3,2,9,4,22,10,1459,0,8766735,338212,28,391,52,2,0,0,6291
362,1,4,3,3,5,7,2,9,65,1460,0,3392368,3427576,10,603,57,7,0,1,248000
481,1,1,1,2,10,1,2,13,9,1461,0,8688010,456678,20,625,47,3,1,1,9459
741,0,3,1,3,5,1,4,14,15,1462,1,9010961,3765057,8,793,35,1,0,0,4068
973,1,2,4,2,1,8,2,19,47,1463,0,5271811,858450,8,323,28,1,1,1,4068
273,1,3,2,2,7,2,2,5,42,1464,1,1685193,1795807,38,738,36,4,0,0,21825
214,1,3,5,3,4,10,3,2,64,1465,1,7545415,2540060,35,580,61,7,1,0,248000
688,1,3,1,3,4,1,2,2,59,1466,0,1952336,1249464,34,761,38,4,1,0,21825
453,1,1,4,3,6,6,1,16,29,1467,0,8438114,384029,11,825,23,5,1,0,50589
805,1,1,5,3,10,9,3,13,39,1468,0,8480516,1044635,6,366,27,6,1,0,189022
488,0,3,4,3,5,2,5,21,56,1469,0,1219133,2908631,29,804,45,2,1,1,6291
923,1,2,5,3,7,5,4,29,57,1470,0,2535386,2314841,33,358,53,4,0,0,21825
446,1,5,4,3,3,2,5,26,68,1471,1,6508965,3358122,20,864,55,7,0,1,248000
239,0,4,1,3,6,9,4,13,69,1472,1,7402231,3073789,40,741,54,5,0,0,50589
781,1,4,3,3,2,1,3,21,58,1473,0,8465587,1677519,31,826,59,3,0,0,9459
740,0,1,4,3,6,3,5,30,40,1474,0,3010254,554968,32,656,26,2,1,1,6291
700,0,1,4,2,1,9,1,19,72,1475,0,1964091,1516540,2,435,58,2,1,0,6291
890,0,2,1,2,5,5,2,6,28,1476,0,9864632,3015011,33,373,42,6,0,0,189022
129,1,1,5,3,6,1,4,27,51,1477,0,766748,337330,1,408,57,6,1,1,189022
349,0,3,2,5,5,10,5,24,48,1478,1,2424927,1145461,38,861,40,6,0,0,189022
266,0,1,2,3,4,10,4,24,33,1479,1,396834,1630438,22,816,26,4,0,1,21825
527,0,1,1,3,10,8,2,24,26,1480,0,8392703,347188,23,316,31,7,0,1,248000
607,0,1,3,3,2,8,3,3,61,1481,1,4605950,415989,28,444,24,2,0,1,6291
713,1,3,1,3,7,4,3,15,58,1482,1,5328476,3842647,6,549,38,7,0,1,248000
610,1,4,1,3,8,7,1,3,28,1483,1,3088623,2724091,36,751,64,6,0,1,189022
658,0,1,4,3,4,2,1,10,72,1484,0,2461371,728954,36,482,31,5,0,0,50589
562,1,2,2,3,10,9,3,25,53,1485,0,2943351,2110393,4,558,45,2,0,1,6291
472,0,3,2,3,2,5,4,17,15,1486,0,9151500,1017248,29,844,33,1,0,0,4068
712,1,1,2,3,6,6,4,18,70,1487,0,4255136,789838,28,626,35,7,0,0,248000
164,1,1,5,3,9,4,4,8,63,1488,0,9931627,2653539,10,477,26,5,1,1,50589
989,1,2,1,3,3,2,4,24,28,1489,0,1124555,1608469,4,517,45,6,1,0,189022
604,0,4,2,3,5,9,2,13,43,1490,0,3032413,3321605,12,631,35,5,0,1,50589
151,0,1,5,3,2,10,3,14,43,1491,0,5773652,707559,23,494,48,2,0,0,6291
149,0,3,5,3,4,6,5,30,31,1492,1,3273436,3938648,5,631,49,2,0,0,6291
267,1,4,4,3,1,8,3,5,65,1493,1,3518514,3821872,30,888,63,7,1,0,248000
424,0,2,1,3,7,5,1,14,18,1494,0,8395460,1847723,3,768,64,6,1,0,189022
702,1,1,4,3,6,4,4,5,29,1495,0,6575180,876139,31,335,23,4,0,0,21825
296,1,3,2,3,9,8,3,12,28,1496,1,5233655,2292684,6,735,61,6,0,1,189022
677,1,1,5,3,4,5,4,14,27,1497,0,976997,478562,13,810,50,1,1,1,4068
888,0,4,2,3,5,5,4,26,50,1498,0,4474992,1978646,18,843,63,4,0,1,21825
330,0,1,1,3,9,1,2,4,71,1499,0,683268,1096165,16,583,59,2,0,1,6291
